"id","center_lng","center_lat"
"1","113.9402831294","33.51812299158"
"2","114.0278688696","33.51812301425"
"3","114.0615556928","33.58924130794"
"4","113.9739699526","33.58924130794"
"5","113.9402831294","33.626648462781"
"6","113.9840759995","33.62477800438"
"7","114.0278688696","33.626648462781"
"8","114.0716617397","33.62477800438"
"9","114.1120859275","33.62477800438"
"10","114.1019798805","33.58924130794"
"11","114.0177628226","33.59111105096"
"12","113.9402831294","33.55181792557"
"13","113.9840759995","33.55368790892"
"14","114.0245001872","33.55368790892"
"15","114.0716617397","33.55368790892"
"16","114.1120859275","33.55368790892"
"17","114.1019798805","33.51812301425"
"18","114.0615556928","33.51812301425"
"19","113.9739699526","33.51812301425"
"20","113.9604952233","33.51812301425"
"21","113.9941820464","33.51812301425"
"22","114.0076567757","33.51812301425"
"23","114.0952425159","33.51812301425"
"24","114.1289293391","33.51812301425"
"25","114.1457727506","33.531226238125"
"26","114.1289293391","33.53310015184"
"27","114.1120859275","33.531226238125"
"28","114.0952425159","33.53310015184"
"29","114.0783991043","33.531226238125"
"30","114.0615556928","33.53310015184"
"31","114.0447122811","33.531226238125"
"32","114.0278688696","33.53310015184"
"33","114.011025458","33.531226238125"
"34","113.9941820464","33.53310015184"
"35","113.9739699526","33.53310015184"
"36","113.9571265409","33.531226238125"
"37","113.9402831294","33.53310015184"
"38","113.9402831294","33.54807469516"
"39","113.9571265409","33.54620133397"
"40","113.9773386348","33.54620133397"
"41","113.9908133641","33.54620133397"
"42","114.011025458","33.54620133397"
"43","114.0278688696","33.54807469516"
"44","114.0447122811","33.54620133397"
"45","114.0615556928","33.54807469516"
"46","114.0783991043","33.54620133397"
"47","114.0952425159","33.54807469516"
"48","114.1120859275","33.54620133397"
"49","114.1289293391","33.54807469516"
"50","114.1457727506","33.54620133397"
"51","114.1457727506","33.56117383511"
"52","114.1289293391","33.55930389982"
"53","114.1120859275","33.56117383511"
"54","114.0952425159","33.55930389982"
"55","114.0783991043","33.56117383511"
"56","114.0615556928","33.55930389982"
"57","114.0447122811","33.56117383511"
"58","114.0278688696","33.55930389982"
"59","114.011025458","33.56117383511"
"60","113.9908133641","33.56117383511"
"61","113.9773386348","33.56117383511"
"62","113.9571265409","33.56117383511"
"63","113.9402831294","33.55930389982"
"64","113.9402831294","33.5742739018"
"65","113.9571265409","33.57614374096"
"66","113.9739699526","33.5742739018"
"67","113.9941820464","33.5742739018"
"68","114.011025458","33.57614374096"
"69","114.0278688696","33.5742739018"
"70","114.0447122811","33.57614374096"
"71","114.0615556928","33.5742739018"
"72","114.0783991043","33.57614374096"
"73","114.0952425159","33.5742739018"
"74","114.1120859275","33.57614374096"
"75","114.1289293391","33.5742739018"
"76","114.1457727506","33.57614374096"
"77","114.1289293391","33.58924130795"
"78","114.1120859275","33.59111105096"
"79","114.0952425159","33.58924130795"
"80","114.0783991043","33.59111105096"
"81","114.0447122811","33.59111105096"
"82","114.0278688696","33.58924130795"
"83","114.0076567757","33.58924130795"
"84","113.9941820464","33.58924130795"
"85","113.9604952233","33.58924130795"
"86","113.9402831294","33.58924130795"
"87","113.9402831294","33.60420611768"
"88","113.9571265409","33.60233482958"
"89","113.9739699526","33.60420611768"
"90","113.9941820464","33.60420611768"
"91","114.011025458","33.60233482958"
"92","114.0278688696","33.60420611768"
"93","114.0447122811","33.60233482958"
"94","114.0615556928","33.60420611768"
"95","114.0783991043","33.60233482958"
"96","114.0952425159","33.60420611768"
"97","114.1120859275","33.60233482958"
"98","114.1289293391","33.60420611768"
"99","114.1457727506","33.60233482958"
"100","114.1457727506","33.61729759545"
"101","114.1289293391","33.61916833044"
"102","114.1120859275","33.61729759545"
"103","114.0952425159","33.61916833044"
"104","114.0783991043","33.61729759545"
"105","114.0615556928","33.61916833044"
"106","114.0447122811","33.61729759545"
"107","114.0278688696","33.61916833044"
"108","114.011025458","33.61729759545"
"109","113.9908133641","33.61729759545"
"110","113.9773386348","33.61729759545"
"111","113.9571265409","33.61729759545"
"112","113.9402831294","33.61916833044"
"113","113.9402831294","33.630388285406"
"114","113.9571265409","33.632257763896"
"115","113.9773386348","33.632257763896"
"116","113.9908133641","33.632257763896"
"117","114.011025458","33.632257763896"
"118","114.0278688696","33.630388285406"
"119","114.0447122811","33.632257763896"
"120","114.0615556928","33.630388285406"
"121","114.0783991043","33.632257763896"
"122","114.0952425159","33.630388285406"
"123","114.1120859275","33.632257763896"
"124","114.1289293391","33.630388285406"
"125","114.1457727506","33.632257763896"
"126","114.1457727506","33.647215334343"
"127","114.1289293391","33.64534595208"
"128","114.1120859275","33.647215334343"
"129","114.0952425159","33.64534595208"
"130","114.0783991043","33.647215334343"
"131","114.0615556928","33.64534595208"
"132","114.0447122811","33.647215334343"
"133","114.0278688696","33.64534595208"
"134","114.011025458","33.647215334343"
"135","113.9908133641","33.647215334343"
"136","113.9739699526","33.64534595208"
"137","113.9571265409","33.647215334343"
"138","113.9402831294","33.64534595208"
"139","113.9402831294","33.652823811"
"140","113.9503891763","33.65469314514"
"141","113.9571265409","33.65469314514"
"142","113.96723258797","33.652823811"
"143","113.9739699526","33.652823811"
"144","113.9840759995","33.65469314514"
"145","113.9941820464","33.652823811"
"146","114.0009194111","33.652823811"
"147","114.011025458","33.65469314514"
"148","114.0177628226","33.65469314514"
"149","114.0278688696","33.652823811"
"150","114.0346062342","33.652823811"
"151","114.0447122811","33.65469314514"
"152","114.0514496458","33.65469314514"
"153","114.0615556928","33.652823811"
"154","114.0682930574","33.652823811"
"155","114.0783991043","33.65469314514"
"156","114.0885051513","33.652823811"
"157","114.0952425159","33.652823811"
"158","114.1053485628","33.65469314514"
"159","114.1120859275","33.65469314514"
"160","114.1221919744","33.652823811"
"161","114.1289293391","33.652823811"
"162","114.139035386","33.65469314514"
"163","114.1457727506","33.65469314514"
"164","114.139035386","33.647215334343"
"165","114.1221919744","33.64534595208"
"166","114.1053485628","33.647215334343"
"167","114.0851364689","33.647215334343"
"168","114.0682930574","33.64534595208"
"169","114.0514496458","33.647215334343"
"170","114.0346062342","33.64534595208"
"171","114.0177628226","33.647215334343"
"172","114.0009194111","33.64534595208"
"173","113.9840759995","33.647215334343"
"174","113.96723258797","33.64534595208"
"175","113.9503891763","33.647215334343"
"176","113.9402831294","33.63786744352"
"177","113.9503891763","33.6397368739"
"178","113.9571265409","33.6397368739"
"179","113.96723258797","33.63786744352"
"180","113.9773386348","33.6397368739"
"181","113.9840759995","33.6397368739"
"182","113.9908133641","33.6397368739"
"183","114.0009194111","33.63786744352"
"184","114.011025458","33.6397368739"
"185","114.0177628226","33.6397368739"
"186","114.0278688696","33.63786744352"
"187","114.0346062342","33.63786744352"
"188","114.0447122811","33.6397368739"
"189","114.0514496458","33.6397368739"
"190","114.0615556928","33.63786744352"
"191","114.0716617397","33.6397368739"
"192","114.0783991043","33.6397368739"
"193","114.0851364689","33.6397368739"
"194","114.0952425159","33.63786744352"
"195","114.1053485628","33.6397368739"
"196","114.1120859275","33.6397368739"
"197","114.1221919744","33.63786744352"
"198","114.1289293391","33.63786744352"
"199","114.139035386","33.6397368739"
"200","114.1457727506","33.6397368739"
"201","114.139035386","33.632257763896"
"202","114.1188232921","33.632257763896"
"203","114.1053485628","33.632257763896"
"204","114.0851364689","33.632257763896"
"205","114.0716617397","33.632257763896"
"206","114.0514496458","33.632257763896"
"207","114.0346062342","33.630388285406"
"208","114.0177628226","33.632257763896"
"209","114.0009194111","33.630388285406"
"210","113.9840759995","33.632257763896"
"211","113.96723258797","33.630388285406"
"212","113.9503891763","33.632257763896"
"213","113.9503891763","33.62477800438"
"214","113.9571265409","33.62477800438"
"215","113.96723258797","33.626648462781"
"216","113.9773386348","33.62477800438"
"217","113.9908133641","33.62477800438"
"218","114.0009194111","33.626648462781"
"219","114.011025458","33.62477800438"
"220","114.0177628226","33.62477800438"
"221","114.0346062342","33.626648462781"
"222","114.0447122811","33.62477800438"
"223","114.0514496458","33.62477800438"
"224","114.0615556928","33.626648462781"
"225","114.0783991043","33.62477800438"
"226","114.0851364689","33.62477800438"
"227","114.0952425159","33.626648462781"
"228","114.1053485628","33.62477800438"
"229","114.1221919744","33.626648462781"
"230","114.1289293391","33.626648462781"
"231","114.139035386","33.62477800438"
"232","114.1457727506","33.62477800438"
"233","114.139035386","33.61729759545"
"234","114.1221919744","33.61916833044"
"235","114.1053485628","33.61729759545"
"236","114.0851364689","33.61729759545"
"237","114.0716617397","33.61729759545"
"238","114.0514496458","33.61729759545"
"239","114.0346062342","33.61916833044"
"240","114.0177628226","33.61729759545"
"241","114.0009194111","33.61916833044"
"242","113.9840759995","33.61729759545"
"243","113.96723258797","33.61916833044"
"244","113.9503891763","33.61729759545"
"245","113.9402831294","33.61168754872"
"246","113.9503891763","33.60981653716"
"247","113.9571265409","33.60981653716"
"248","113.96723258797","33.61168754872"
"249","113.9739699526","33.61168754872"
"250","113.9840759995","33.60981653716"
"251","113.9941820464","33.61168754872"
"252","114.0009194111","33.61168754872"
"253","114.011025458","33.60981653716"
"254","114.0177628226","33.60981653716"
"255","114.0278688696","33.61168754872"
"256","114.0346062342","33.61168754872"
"257","114.0447122811","33.60981653716"
"258","114.0514496458","33.60981653716"
"259","114.0615556928","33.61168754872"
"260","114.0682930574","33.61168754872"
"261","114.0783991043","33.60981653716"
"262","114.0885051513","33.61168754872"
"263","114.0952425159","33.61168754872"
"264","114.1053485628","33.60981653716"
"265","114.1120859275","33.60981653716"
"266","114.1221919744","33.61168754872"
"267","114.1289293391","33.61168754872"
"268","114.139035386","33.60981653716"
"269","114.1457727506","33.60981653716"
"270","114.139035386","33.60233482958"
"271","114.1221919744","33.60420611768"
"272","114.1053485628","33.60233482958"
"273","114.0885051513","33.60420611768"
"274","114.0682930574","33.60420611768"
"275","114.0514496458","33.60233482958"
"276","114.0346062342","33.60420611768"
"277","114.0177628226","33.60233482958"
"278","114.0009194111","33.60420611768"
"279","113.9840759995","33.60233482958"
"280","113.96723258797","33.60420611768"
"281","113.9503891763","33.60233482958"
"282","113.9402831294","33.5967240374"
"283","113.9503891763","33.59485247279"
"284","113.9604952233","33.5967240374"
"285","113.96723258797","33.5967240374"
"286","113.9739699526","33.5967240374"
"287","113.9840759995","33.59485247279"
"288","113.9941820464","33.5967240374"
"289","114.0009194111","33.5967240374"
"290","114.0076567757","33.5967240374"
"291","114.0177628226","33.59485247279"
"292","114.0278688696","33.5967240374"
"293","114.0346062342","33.5967240374"
"294","114.0447122811","33.59485247279"
"295","114.0514496458","33.59485247279"
"296","114.0615556928","33.5967240374"
"297","114.0682930574","33.5967240374"
"298","114.0783991043","33.59485247279"
"299","114.0885051513","33.5967240374"
"300","114.0952425159","33.5967240374"
"301","114.1019798805","33.5967240374"
"302","114.1120859275","33.59485247279"
"303","114.1221919744","33.5967240374"
"304","114.1289293391","33.5967240374"
"305","114.139035386","33.59485247279"
"306","114.1457727506","33.59485247279"
"307","114.139035386","33.59111105096"
"308","114.1221919744","33.58924130795"
"309","114.0885051513","33.58924130794"
"310","114.0682930574","33.58924130795"
"311","114.0548183281","33.58924130794"
"312","114.0346062342","33.58924130795"
"313","114.0009194111","33.58924130795"
"314","113.9840759995","33.59111105096"
"315","113.96723258797","33.58924130795"
"316","113.9503891763","33.59111105096"
"317","113.9402831294","33.58175792939"
"318","113.9503891763","33.58362772048"
"319","113.9571265409","33.58362772048"
"320","113.96723258797","33.58175792939"
"321","113.9739699526","33.58175792939"
"322","113.9840759995","33.58362772048"
"323","113.9941820464","33.58175792939"
"324","114.0009194111","33.58175792939"
"325","114.011025458","33.58362772048"
"326","114.0177628226","33.58362772048"
"327","114.0278688696","33.58175792939"
"328","114.0346062342","33.58175792939"
"329","114.0447122811","33.58362772048"
"330","114.0514496458","33.58362772048"
"331","114.0615556928","33.58175792939"
"332","114.0682930574","33.58175792939"
"333","114.0783991043","33.58362772048"
"334","114.0885051513","33.58175792939"
"335","114.0952425159","33.58175792939"
"336","114.1019798805","33.58175792939"
"337","114.1120859275","33.58362772048"
"338","114.1221919744","33.58175792939"
"339","114.1289293391","33.58175792939"
"340","114.139035386","33.58362772048"
"341","114.1457727506","33.58362772048"
"342","114.139035386","33.57614374096"
"343","114.1221919744","33.5742739018"
"344","114.1053485628","33.57614374096"
"345","114.0885051513","33.5742739018"
"346","114.0682930574","33.5742739018"
"347","114.0514496458","33.57614374096"
"348","114.0346062342","33.5742739018"
"349","114.0177628226","33.57614374096"
"350","114.0009194111","33.5742739018"
"351","113.9840759995","33.57614374096"
"352","113.96723258797","33.5742739018"
"353","113.9503891763","33.57614374096"
"354","113.9402831294","33.56678922525"
"355","113.9503891763","33.56865911248"
"356","113.9571265409","33.56865911248"
"357","113.96723258797","33.56678922525"
"358","113.9739699526","33.56678922525"
"359","113.9840759995","33.56865911248"
"360","113.9908133641","33.56865911248"
"361","114.0009194111","33.56678922525"
"362","114.011025458","33.56865911248"
"363","114.0177628226","33.56865911248"
"364","114.0278688696","33.56678922525"
"365","114.0346062342","33.56678922525"
"366","114.0447122811","33.56865911248"
"367","114.0514496458","33.56865911248"
"368","114.0615556928","33.56678922525"
"369","114.0682930574","33.56678922525"
"370","114.0783991043","33.56865911248"
"371","114.0851364689","33.56865911248"
"372","114.0952425159","33.56678922525"
"373","114.1053485628","33.56865911248"
"374","114.1120859275","33.56865911248"
"375","114.1221919744","33.56678922525"
"376","114.1289293391","33.56678922525"
"377","114.139035386","33.56865911248"
"378","114.1457727506","33.56865911248"
"379","114.139035386","33.56117383511"
"380","114.1221919744","33.55930389982"
"381","114.1053485628","33.56117383511"
"382","114.0851364689","33.56117383511"
"383","114.0716617397","33.56117383511"
"384","114.0514496458","33.56117383511"
"385","114.0346062342","33.55930389982"
"386","114.0177628226","33.56117383511"
"387","114.0009194111","33.55930389982"
"388","113.9840759995","33.56117383511"
"389","113.96723258797","33.55930389982"
"390","113.9503891763","33.56117383511"
"391","113.9503891763","33.55368790892"
"392","113.9571265409","33.55368790892"
"393","113.96723258797","33.55181792557"
"394","113.9773386348","33.55368790892"
"395","113.9908133641","33.55368790892"
"396","114.0009194111","33.55181792557"
"397","114.011025458","33.55368790892"
"398","114.0177628226","33.55368790892"
"399","114.0346062342","33.55181792557"
"400","114.0447122811","33.55368790892"
"401","114.0514496458","33.55368790892"
"402","114.0615556928","33.55181792557"
"403","114.0783991043","33.55368790892"
"404","114.0851364689","33.55368790892"
"405","114.0952425159","33.55181792557"
"406","114.1053485628","33.55368790892"
"407","114.1188232921","33.55368790892"
"408","114.1289293391","33.55181792557"
"409","114.139035386","33.55368790892"
"410","114.1457727506","33.55368790892"
"411","114.139035386","33.54620133397"
"412","114.1221919744","33.54807469516"
"413","114.1053485628","33.54620133397"
"414","114.0851364689","33.54620133397"
"415","114.0716617397","33.54620133397"
"416","114.0514496458","33.54620133397"
"417","114.0346062342","33.54807469516"
"418","114.0177628226","33.54620133397"
"419","114.0009194111","33.54807469516"
"420","113.9840759995","33.54620133397"
"421","113.96723258797","33.54807469516"
"422","113.9503891763","33.54620133397"
"423","113.9402831294","33.54058774782"
"424","113.9503891763","33.53871411035"
"425","113.9571265409","33.53871411035"
"426","113.96723258797","33.54058774782"
"427","113.9773386348","33.53871411035"
"428","113.9840759995","33.53871411035"
"429","113.9908133641","33.53871411035"
"430","114.0009194111","33.54058774782"
"431","114.011025458","33.53871411035"
"432","114.0177628226","33.53871411035"
"433","114.0278688696","33.54058774782"
"434","114.0346062342","33.54058774782"
"435","114.0447122811","33.53871411035"
"436","114.0514496458","33.53871411035"
"437","114.0615556928","33.54058774782"
"438","114.0682930574","33.54058774782"
"439","114.0783991043","33.53871411035"
"440","114.0851364689","33.53871411035"
"441","114.0952425159","33.54058774782"
"442","114.1053485628","33.53871411035"
"443","114.1120859275","33.53871411035"
"444","114.1221919744","33.54058774782"
"445","114.1289293391","33.54058774782"
"446","114.139035386","33.53871411035"
"447","114.1457727506","33.53871411035"
"448","114.139035386","33.531226238125"
"449","114.1221919744","33.53310015184"
"450","114.1053485628","33.531226238125"
"451","114.0885051513","33.53310015184"
"452","114.0682930574","33.53310015184"
"453","114.0514496458","33.531226238125"
"454","114.0346062342","33.53310015184"
"455","114.0177628226","33.531226238125"
"456","114.0009194111","33.53310015184"
"457","113.9840759995","33.531226238125"
"458","113.96723258797","33.53310015184"
"459","113.9503891763","33.531226238125"
"460","113.9402831294","33.52561190729"
"461","113.9503891763","33.52373771736"
"462","113.9571265409","33.52373771736"
"463","113.96723258797","33.52561190729"
"464","113.9739699526","33.52561190729"
"465","113.9840759995","33.52373771736"
"466","113.9941820464","33.52561190729"
"467","114.0009194111","33.52561190729"
"468","114.011025458","33.52373771736"
"469","114.0177628226","33.52373771736"
"470","114.0278688696","33.52561190729"
"471","114.0346062342","33.52561190729"
"472","114.0447122811","33.52373771736"
"473","114.0514496458","33.52373771736"
"474","114.0615556928","33.52561190729"
"475","114.0682930574","33.52561190729"
"476","114.0783991043","33.52373771736"
"477","114.0885051513","33.52561190729"
"478","114.0952425159","33.52561190729"
"479","114.1019798805","33.52561190729"
"480","114.1120859275","33.52373771736"
"481","114.1221919744","33.52561190729"
"482","114.1289293391","33.52561190729"
"483","114.139035386","33.52373771736"
"484","114.1457727506","33.52373771736"
"485","114.1221919744","33.51812301425"
"486","114.0885051513","33.51812301425"
"487","114.0682930574","33.51812301425"
"488","114.0548183281","33.51812301425"
"489","114.0346062342","33.51812301425"
"490","114.0009194111","33.51812301425"
"491","113.96723258797","33.51812301425"
"492","113.9436518117","33.51999321379"
"493","113.947020494","33.51812301425"
"494","113.9537578587","33.51812301425"
"495","113.9503891763","33.51999321379"
"496","113.9571265409","33.51999321379"
"497","113.9706012702","33.51999321379"
"498","113.96386390562","33.51999321379"
"499","113.9773386348","33.51999321379"
"500","113.9874446818","33.51812301425"
"501","113.9807073172","33.51812301425"
"502","113.9840759995","33.51999321379"
"503","113.9908133641","33.51999321379"
"504","114.0042880934","33.51999321379"
"505","113.9975507287","33.51999321379"
"506","114.011025458","33.51999321379"
"507","114.021131505","33.51812301425"
"508","114.0143941403","33.51812301425"
"509","114.0177628226","33.51999321379"
"510","114.0245001872","33.51999321379"
"511","114.03797491656","33.51999321379"
"512","114.0312375519","33.51999321379"
"513","114.0480809635","33.51812301425"
"514","114.04134359891","33.51812301425"
"515","114.0447122811","33.51999321379"
"516","114.0514496458","33.51999321379"
"517","114.064924375","33.51999321379"
"518","114.0581870104","33.51999321379"
"519","114.0716617397","33.51999321379"
"520","114.075030422","33.51812301425"
"521","114.0817677866","33.51812301425"
"522","114.0783991043","33.51999321379"
"523","114.0851364689","33.51999321379"
"524","114.0986111982","33.51999321379"
"525","114.0918738336","33.51999321379"
"526","114.1053485628","33.51999321379"
"527","114.11545460985","33.51812301425"
"528","114.1087172452","33.51812301425"
"529","114.1120859275","33.51999321379"
"530","114.1188232921","33.51999321379"
"531","114.1322980213","33.51999321379"
"532","114.1255606567","33.51999321379"
"533","114.1424040683","33.51812301425"
"534","114.1356667037","33.51812301425"
"535","114.139035386","33.51999321379"
"536","114.1457727506","33.51999321379"
"537","114.1457727506","33.5274820588"
"538","114.1424040683","33.52186754183"
"539","114.1356667037","33.52186754183"
"540","114.1356667037","33.52561190729"
"541","114.1424040683","33.52561190729"
"542","114.139035386","33.5274820588"
"543","114.1289293391","33.52186754183"
"544","114.1322980213","33.5274820588"
"545","114.1255606567","33.5274820588"
"546","114.1322980213","33.52373771736"
"547","114.1255606567","33.52373771736"
"548","114.1221919744","33.52186754183"
"549","114.1188232921","33.5274820588"
"550","114.1188232921","33.52373771736"
"551","114.11545460985","33.52561190729"
"552","114.1087172452","33.52561190729"
"553","114.11545460985","33.52186754183"
"554","114.1087172452","33.52186754183"
"555","114.1120859275","33.5274820588"
"556","114.1019798805","33.52186754183"
"557","114.1053485628","33.5274820588"
"558","114.1053485628","33.52373771736"
"559","114.0952425159","33.52186754183"
"560","114.0986111982","33.5274820588"
"561","114.0918738336","33.5274820588"
"562","114.0986111982","33.52373771736"
"563","114.0918738336","33.52373771736"
"564","114.0885051513","33.52186754183"
"565","114.0851364689","33.5274820588"
"566","114.0851364689","33.52373771736"
"567","114.075030422","33.52186754183"
"568","114.075030422","33.52561190729"
"569","114.0817677866","33.52561190729"
"570","114.0817677866","33.52186754183"
"571","114.0783991043","33.5274820588"
"572","114.0682930574","33.52186754183"
"573","114.0716617397","33.5274820588"
"574","114.0716617397","33.52373771736"
"575","114.0615556928","33.52186754183"
"576","114.064924375","33.5274820588"
"577","114.0581870104","33.5274820588"
"578","114.064924375","33.52373771736"
"579","114.0581870104","33.52373771736"
"580","114.0548183281","33.52561190729"
"581","114.0548183281","33.52186754183"
"582","114.0514496458","33.5274820588"
"583","114.0480809635","33.52561190729"
"584","114.04134359891","33.52186754183"
"585","114.0480809635","33.52186754183"
"586","114.04134359891","33.52561190729"
"587","114.0447122811","33.5274820588"
"588","114.0346062342","33.52186754183"
"589","114.03797491656","33.5274820588"
"590","114.0312375519","33.5274820588"
"591","114.03797491656","33.52373771736"
"592","114.0312375519","33.52373771736"
"593","114.0278688696","33.52186754183"
"594","114.0245001872","33.5274820588"
"595","114.0245001872","33.52373771736"
"596","114.0143941403","33.52186754183"
"597","114.021131505","33.52561190729"
"598","114.021131505","33.52186754183"
"599","114.0143941403","33.52561190729"
"600","114.0177628226","33.5274820588"
"601","114.0076567757","33.52186754183"
"602","114.0076567757","33.52561190729"
"603","114.011025458","33.5274820588"
"604","114.0009194111","33.52186754183"
"605","114.0042880934","33.5274820588"
"606","113.9975507287","33.5274820588"
"607","114.0042880934","33.52373771736"
"608","113.9975507287","33.52373771736"
"609","113.9941820464","33.52186754183"
"610","113.9908133641","33.5274820588"
"611","113.9908133641","33.52373771736"
"612","113.9874446818","33.52561190729"
"613","113.9807073172","33.52561190729"
"614","113.9874446818","33.52186754183"
"615","113.9807073172","33.52186754183"
"616","113.9840759995","33.5274820588"
"617","113.9739699526","33.52186754183"
"618","113.9773386348","33.5274820588"
"619","113.9773386348","33.52373771736"
"620","113.96723258797","33.52186754183"
"621","113.9706012702","33.5274820588"
"622","113.96386390562","33.5274820588"
"623","113.9706012702","33.52373771736"
"624","113.96386390562","33.52373771736"
"625","113.9604952233","33.52186754183"
"626","113.9604952233","33.52561190729"
"627","113.9571265409","33.5274820588"
"628","113.947020494","33.52186754183"
"629","113.947020494","33.52561190729"
"630","113.9537578587","33.52561190729"
"631","113.9537578587","33.52186754183"
"632","113.9503891763","33.5274820588"
"633","113.9402831294","33.52186754183"
"634","113.9436518117","33.5274820588"
"635","113.9436518117","33.52373771736"
"636","113.9402831294","33.52935611063"
"637","113.9436518117","33.53497025531"
"638","113.9436518117","33.531226238125"
"639","113.9537578587","33.52935611063"
"640","113.947020494","33.52935611063"
"641","113.947020494","33.53310015184"
"642","113.9537578587","33.53310015184"
"643","113.9503891763","33.53497025531"
"644","113.9604952233","33.52935611063"
"645","113.9604952233","33.53310015184"
"646","113.9571265409","33.53497025531"
"647","113.96723258797","33.52935611063"
"648","113.9706012702","33.53497025531"
"649","113.96386390562","33.53497025531"
"650","113.9706012702","33.531226238125"
"651","113.96386390562","33.531226238125"
"652","113.9739699526","33.52935611063"
"653","113.9773386348","33.53497025531"
"654","113.9773386348","33.531226238125"
"655","113.9874446818","33.53310015184"
"656","113.9874446818","33.52935611063"
"657","113.9807073172","33.52935611063"
"658","113.9807073172","33.53310015184"
"659","113.9840759995","33.53497025531"
"660","113.9941820464","33.52935611063"
"661","113.9908133641","33.53497025531"
"662","113.9908133641","33.531226238125"
"663","114.0009194111","33.52935611063"
"664","114.0042880934","33.53497025531"
"665","113.9975507287","33.53497025531"
"666","114.0042880934","33.531226238125"
"667","113.9975507287","33.531226238125"
"668","114.0076567757","33.53310015184"
"669","114.0076567757","33.52935611063"
"670","114.011025458","33.53497025531"
"671","114.021131505","33.52935611063"
"672","114.021131505","33.53310015184"
"673","114.0143941403","33.53310015184"
"674","114.0143941403","33.52935611063"
"675","114.0177628226","33.53497025531"
"676","114.0278688696","33.52935611063"
"677","114.0245001872","33.53497025531"
"678","114.0245001872","33.531226238125"
"679","114.0346062342","33.52935611063"
"680","114.03797491656","33.53497025531"
"681","114.0312375519","33.53497025531"
"682","114.03797491656","33.531226238125"
"683","114.0312375519","33.531226238125"
"684","114.0480809635","33.52935611063"
"685","114.04134359891","33.53310015184"
"686","114.0480809635","33.53310015184"
"687","114.04134359891","33.52935611063"
"688","114.0447122811","33.53497025531"
"689","114.0548183281","33.52935611063"
"690","114.0548183281","33.53310015184"
"691","114.0514496458","33.53497025531"
"692","114.0615556928","33.52935611063"
"693","114.064924375","33.53497025531"
"694","114.0581870104","33.53497025531"
"695","114.064924375","33.531226238125"
"696","114.0581870104","33.531226238125"
"697","114.0682930574","33.52935611063"
"698","114.0716617397","33.53497025531"
"699","114.0716617397","33.531226238125"
"700","114.075030422","33.53310015184"
"701","114.075030422","33.52935611063"
"702","114.0817677866","33.52935611063"
"703","114.0817677866","33.53310015184"
"704","114.0783991043","33.53497025531"
"705","114.0885051513","33.52935611063"
"706","114.0851364689","33.53497025531"
"707","114.0851364689","33.531226238125"
"708","114.0952425159","33.52935611063"
"709","114.0986111982","33.53497025531"
"710","114.0918738336","33.53497025531"
"711","114.0986111982","33.531226238125"
"712","114.0918738336","33.531226238125"
"713","114.1019798805","33.52935611063"
"714","114.1019798805","33.53310015184"
"715","114.1053485628","33.53497025531"
"716","114.11545460985","33.53310015184"
"717","114.1087172452","33.53310015184"
"718","114.1087172452","33.52935611063"
"719","114.11545460985","33.52935611063"
"720","114.1120859275","33.53497025531"
"721","114.1221919744","33.52935611063"
"722","114.1188232921","33.53497025531"
"723","114.1188232921","33.531226238125"
"724","114.1289293391","33.52935611063"
"725","114.1322980213","33.53497025531"
"726","114.1255606567","33.53497025531"
"727","114.1322980213","33.531226238125"
"728","114.1255606567","33.531226238125"
"729","114.1356667037","33.53310015184"
"730","114.1424040683","33.52935611063"
"731","114.1356667037","33.52935611063"
"732","114.1424040683","33.53310015184"
"733","114.139035386","33.53497025531"
"734","114.1457727506","33.53497025531"
"735","114.1457727506","33.54245780324"
"736","114.1424040683","33.54058774782"
"737","114.1356667037","33.54058774782"
"738","114.1356667037","33.5368440309"
"739","114.1424040683","33.5368440309"
"740","114.139035386","33.54245780324"
"741","114.1289293391","33.5368440309"
"742","114.1322980213","33.54245780324"
"743","114.1255606567","33.54245780324"
"744","114.1322980213","33.53871411035"
"745","114.1255606567","33.53871411035"
"746","114.1221919744","33.5368440309"
"747","114.1188232921","33.54245780324"
"748","114.1188232921","33.53871411035"
"749","114.11545460985","33.54058774782"
"750","114.1087172452","33.54058774782"
"751","114.11545460985","33.5368440309"
"752","114.1087172452","33.5368440309"
"753","114.1120859275","33.54245780324"
"754","114.1019798805","33.5368440309"
"755","114.1019798805","33.54058774782"
"756","114.1053485628","33.54245780324"
"757","114.0952425159","33.5368440309"
"758","114.0986111982","33.54245780324"
"759","114.0918738336","33.54245780324"
"760","114.0986111982","33.53871411035"
"761","114.0918738336","33.53871411035"
"762","114.0885051513","33.54058774782"
"763","114.0885051513","33.5368440309"
"764","114.0851364689","33.54245780324"
"765","114.075030422","33.54058774782"
"766","114.0817677866","33.5368440309"
"767","114.075030422","33.5368440309"
"768","114.0817677866","33.54058774782"
"769","114.0783991043","33.54245780324"
"770","114.0682930574","33.5368440309"
"771","114.0716617397","33.54245780324"
"772","114.0716617397","33.53871411035"
"773","114.0615556928","33.5368440309"
"774","114.064924375","33.54245780324"
"775","114.0581870104","33.54245780324"
"776","114.064924375","33.53871411035"
"777","114.0581870104","33.53871411035"
"778","114.0548183281","33.5368440309"
"779","114.0548183281","33.54058774782"
"780","114.0514496458","33.54245780324"
"781","114.04134359891","33.5368440309"
"782","114.0480809635","33.54058774782"
"783","114.04134359891","33.54058774782"
"784","114.0480809635","33.5368440309"
"785","114.0447122811","33.54245780324"
"786","114.0346062342","33.5368440309"
"787","114.03797491656","33.54245780324"
"788","114.0312375519","33.54245780324"
"789","114.03797491656","33.53871411035"
"790","114.0312375519","33.53871411035"
"791","114.0278688696","33.5368440309"
"792","114.0245001872","33.54245780324"
"793","114.0245001872","33.53871411035"
"794","114.021131505","33.54058774782"
"795","114.021131505","33.5368440309"
"796","114.0143941403","33.54058774782"
"797","114.0143941403","33.5368440309"
"798","114.0177628226","33.54245780324"
"799","114.0076567757","33.54058774782"
"800","114.0076567757","33.5368440309"
"801","114.011025458","33.54245780324"
"802","114.0009194111","33.5368440309"
"803","114.0042880934","33.54245780324"
"804","113.9975507287","33.54245780324"
"805","114.0042880934","33.53871411035"
"806","113.9975507287","33.53871411035"
"807","113.9941820464","33.54058774782"
"808","113.9941820464","33.5368440309"
"809","113.9908133641","33.54245780324"
"810","113.9807073172","33.54058774782"
"811","113.9874446818","33.54058774782"
"812","113.9874446818","33.5368440309"
"813","113.9807073172","33.5368440309"
"814","113.9840759995","33.54245780324"
"815","113.9739699526","33.54058774782"
"816","113.9739699526","33.5368440309"
"817","113.9773386348","33.54245780324"
"818","113.96723258797","33.5368440309"
"819","113.9706012702","33.54245780324"
"820","113.96386390562","33.54245780324"
"821","113.9706012702","33.53871411035"
"822","113.96386390562","33.53871411035"
"823","113.9604952233","33.54058774782"
"824","113.9604952233","33.5368440309"
"825","113.9571265409","33.54245780324"
"826","113.947020494","33.5368440309"
"827","113.947020494","33.54058774782"
"828","113.9537578587","33.54058774782"
"829","113.9537578587","33.5368440309"
"830","113.9503891763","33.54245780324"
"831","113.9402831294","33.5368440309"
"832","113.9436518117","33.54245780324"
"833","113.9436518117","33.53871411035"
"834","113.9402831294","33.54433130257"
"835","113.9436518117","33.54994470253"
"836","113.9436518117","33.54620133397"
"837","113.947020494","33.54807469516"
"838","113.9537578587","33.54807469516"
"839","113.947020494","33.54433130257"
"840","113.9537578587","33.54433130257"
"841","113.9503891763","33.54994470253"
"842","113.9604952233","33.54807469516"
"843","113.9604952233","33.54433130257"
"844","113.9571265409","33.54994470253"
"845","113.96723258797","33.54433130257"
"846","113.9706012702","33.54994470253"
"847","113.96386390562","33.54994470253"
"848","113.9706012702","33.54620133397"
"849","113.96386390562","33.54620133397"
"850","113.9739699526","33.54433130257"
"851","113.9739699526","33.54807469516"
"852","113.9773386348","33.54994470253"
"853","113.9807073172","33.54807469516"
"854","113.9874446818","33.54807469516"
"855","113.9874446818","33.54433130257"
"856","113.9807073172","33.54433130257"
"857","113.9840759995","33.54994470253"
"858","113.9941820464","33.54433130257"
"859","113.9941820464","33.54807469516"
"860","113.9908133641","33.54994470253"
"861","114.0009194111","33.54433130257"
"862","114.0042880934","33.54994470253"
"863","113.9975507287","33.54994470253"
"864","114.0042880934","33.54620133397"
"865","113.9975507287","33.54620133397"
"866","114.0076567757","33.54433130257"
"867","114.0076567757","33.54807469516"
"868","114.011025458","33.54994470253"
"869","114.0143941403","33.54433130257"
"870","114.021131505","33.54807469516"
"871","114.021131505","33.54433130257"
"872","114.0143941403","33.54807469516"
"873","114.0177628226","33.54994470253"
"874","114.0278688696","33.54433130257"
"875","114.0245001872","33.54994470253"
"876","114.0245001872","33.54620133397"
"877","114.0346062342","33.54433130257"
"878","114.03797491656","33.54994470253"
"879","114.0312375519","33.54994470253"
"880","114.03797491656","33.54620133397"
"881","114.0312375519","33.54620133397"
"882","114.04134359891","33.54807469516"
"883","114.04134359891","33.54433130257"
"884","114.0480809635","33.54433130257"
"885","114.0480809635","33.54807469516"
"886","114.0447122811","33.54994470253"
"887","114.0548183281","33.54807469516"
"888","114.0548183281","33.54433130257"
"889","114.0514496458","33.54994470253"
"890","114.0615556928","33.54433130257"
"891","114.064924375","33.54994470253"
"892","114.0581870104","33.54994470253"
"893","114.064924375","33.54620133397"
"894","114.0581870104","33.54620133397"
"895","114.0682930574","33.54433130257"
"896","114.0682930574","33.54807469516"
"897","114.0716617397","33.54994470253"
"898","114.075030422","33.54433130257"
"899","114.0817677866","33.54433130257"
"900","114.075030422","33.54807469516"
"901","114.0817677866","33.54807469516"
"902","114.0783991043","33.54994470253"
"903","114.0885051513","33.54807469516"
"904","114.0885051513","33.54433130257"
"905","114.0851364689","33.54994470253"
"906","114.0952425159","33.54433130257"
"907","114.0986111982","33.54994470253"
"908","114.0918738336","33.54994470253"
"909","114.0986111982","33.54620133397"
"910","114.0918738336","33.54620133397"
"911","114.1019798805","33.54807469516"
"912","114.1019798805","33.54433130257"
"913","114.1053485628","33.54994470253"
"914","114.11545460985","33.54433130257"
"915","114.11545460985","33.54807469516"
"916","114.1087172452","33.54433130257"
"917","114.1087172452","33.54807469516"
"918","114.1120859275","33.54994470253"
"919","114.1221919744","33.54433130257"
"920","114.1188232921","33.54994470253"
"921","114.1188232921","33.54620133397"
"922","114.1289293391","33.54433130257"
"923","114.1322980213","33.54994470253"
"924","114.1255606567","33.54994470253"
"925","114.1322980213","33.54620133397"
"926","114.1255606567","33.54620133397"
"927","114.1424040683","33.54807469516"
"928","114.1424040683","33.54433130257"
"929","114.1356667037","33.54433130257"
"930","114.1356667037","33.54807469516"
"931","114.139035386","33.54994470253"
"932","114.1457727506","33.54994470253"
"933","114.1356667037","33.55556099379"
"934","114.1424040683","33.55556099379"
"935","114.1356667037","33.55181792557"
"936","114.1424040683","33.55181792557"
"937","114.1289293391","33.55556099379"
"938","114.1322980213","33.55368790892"
"939","114.1255606567","33.55368790892"
"940","114.1221919744","33.55181792557"
"941","114.1221919744","33.55556099379"
"942","114.11545460985","33.55556099379"
"943","114.1087172452","33.55181792557"
"944","114.1087172452","33.55556099379"
"945","114.11545460985","33.55181792557"
"946","114.1019798805","33.55181792557"
"947","114.1019798805","33.55556099379"
"948","114.0952425159","33.55556099379"
"949","114.0986111982","33.55368790892"
"950","114.0918738336","33.55368790892"
"951","114.0885051513","33.55181792557"
"952","114.0885051513","33.55556099379"
"953","114.075030422","33.55556099379"
"954","114.0817677866","33.55556099379"
"955","114.0817677866","33.55181792557"
"956","114.075030422","33.55181792557"
"957","114.0682930574","33.55181792557"
"958","114.0682930574","33.55556099379"
"959","114.0615556928","33.55556099379"
"960","114.064924375","33.55368790892"
"961","114.0581870104","33.55368790892"
"962","114.0548183281","33.55556099379"
"963","114.0548183281","33.55181792557"
"964","114.04134359891","33.55556099379"
"965","114.0480809635","33.55181792557"
"966","114.0480809635","33.55556099379"
"967","114.04134359891","33.55181792557"
"968","114.0346062342","33.55556099379"
"969","114.03797491656","33.55368790892"
"970","114.0312375519","33.55368790892"
"971","114.0278688696","33.55556099379"
"972","114.0278688696","33.55181792557"
"973","114.0143941403","33.55181792557"
"974","114.021131505","33.55181792557"
"975","114.021131505","33.55556099379"
"976","114.0143941403","33.55556099379"
"977","114.0076567757","33.55181792557"
"978","114.0076567757","33.55556099379"
"979","114.0009194111","33.55556099379"
"980","114.0042880934","33.55368790892"
"981","113.9975507287","33.55368790892"
"982","113.9941820464","33.55181792557"
"983","113.9941820464","33.55556099379"
"984","113.9874446818","33.55556099379"
"985","113.9874446818","33.55181792557"
"986","113.9807073172","33.55181792557"
"987","113.9807073172","33.55556099379"
"988","113.9739699526","33.55556099379"
"989","113.9739699526","33.55181792557"
"990","113.96723258797","33.55556099379"
"991","113.9706012702","33.55368790892"
"992","113.96386390562","33.55368790892"
"993","113.9604952233","33.55556099379"
"994","113.9604952233","33.55181792557"
"995","113.947020494","33.55181792557"
"996","113.9537578587","33.55556099379"
"997","113.9537578587","33.55181792557"
"998","113.947020494","33.55556099379"
"999","113.9402831294","33.55556099379"
"1000","113.9436518117","33.55368790892"
"1001","113.9402831294","33.56304664364"
"1002","113.9436518117","33.56117383511"
"1003","113.9436518117","33.55743095311"
"1004","113.9537578587","33.56304664364"
"1005","113.9537578587","33.55930389982"
"1006","113.947020494","33.56304664364"
"1007","113.947020494","33.55930389982"
"1008","113.9503891763","33.55743095311"
"1009","113.9604952233","33.55930389982"
"1010","113.9604952233","33.56304664364"
"1011","113.9571265409","33.55743095311"
"1012","113.96723258797","33.56304664364"
"1013","113.9706012702","33.56117383511"
"1014","113.96386390562","33.56117383511"
"1015","113.9706012702","33.55743095311"
"1016","113.96386390562","33.55743095311"
"1017","113.9739699526","33.55930389982"
"1018","113.9739699526","33.56304664364"
"1019","113.9773386348","33.55743095311"
"1020","113.9874446818","33.55930389982"
"1021","113.9874446818","33.56304664364"
"1022","113.9807073172","33.56304664364"
"1023","113.9807073172","33.55930389982"
"1024","113.9840759995","33.55743095311"
"1025","113.9941820464","33.55930389982"
"1026","113.9941820464","33.56304664364"
"1027","113.9908133641","33.55743095311"
"1028","114.0009194111","33.56304664364"
"1029","114.0042880934","33.56117383511"
"1030","113.9975507287","33.56117383511"
"1031","114.0042880934","33.55743095311"
"1032","113.9975507287","33.55743095311"
"1033","114.0076567757","33.55930389982"
"1034","114.0076567757","33.56304664364"
"1035","114.011025458","33.55743095311"
"1036","114.021131505","33.55930389982"
"1037","114.021131505","33.56304664364"
"1038","114.0143941403","33.55930389982"
"1039","114.0143941403","33.56304664364"
"1040","114.0177628226","33.55743095311"
"1041","114.0278688696","33.56304664364"
"1042","114.0245001872","33.56117383511"
"1043","114.0245001872","33.55743095311"
"1044","114.0346062342","33.56304664364"
"1045","114.03797491656","33.56117383511"
"1046","114.0312375519","33.56117383511"
"1047","114.03797491656","33.55743095311"
"1048","114.0312375519","33.55743095311"
"1049","114.0480809635","33.55930389982"
"1050","114.04134359891","33.55930389982"
"1051","114.0480809635","33.56304664364"
"1052","114.04134359891","33.56304664364"
"1053","114.0447122811","33.55743095311"
"1054","114.0548183281","33.55930389982"
"1055","114.0548183281","33.56304664364"
"1056","114.0514496458","33.55743095311"
"1057","114.0615556928","33.56304664364"
"1058","114.064924375","33.56117383511"
"1059","114.0581870104","33.56117383511"
"1060","114.064924375","33.55743095311"
"1061","114.0581870104","33.55743095311"
"1062","114.0682930574","33.55930389982"
"1063","114.0682930574","33.56304664364"
"1064","114.0716617397","33.55743095311"
"1065","114.075030422","33.55930389982"
"1066","114.0817677866","33.55930389982"
"1067","114.0817677866","33.56304664364"
"1068","114.075030422","33.56304664364"
"1069","114.0783991043","33.55743095311"
"1070","114.0885051513","33.56304664364"
"1071","114.0885051513","33.55930389982"
"1072","114.0851364689","33.55743095311"
"1073","114.0952425159","33.56304664364"
"1074","114.0986111982","33.56117383511"
"1075","114.0918738336","33.56117383511"
"1076","114.0986111982","33.55743095311"
"1077","114.0918738336","33.55743095311"
"1078","114.1019798805","33.56304664364"
"1079","114.1019798805","33.55930389982"
"1080","114.1053485628","33.55743095311"
"1081","114.11545460985","33.55930389982"
"1082","114.11545460985","33.56304664364"
"1083","114.1087172452","33.56304664364"
"1084","114.1087172452","33.55930389982"
"1085","114.1120859275","33.55743095311"
"1086","114.1221919744","33.56304664364"
"1087","114.1188232921","33.56117383511"
"1088","114.1188232921","33.55743095311"
"1089","114.1289293391","33.56304664364"
"1090","114.1322980213","33.56117383511"
"1091","114.1255606567","33.56117383511"
"1092","114.1322980213","33.55743095311"
"1093","114.1255606567","33.55743095311"
"1094","114.1424040683","33.56304664364"
"1095","114.1356667037","33.55930389982"
"1096","114.1356667037","33.56304664364"
"1097","114.1424040683","33.55930389982"
"1098","114.139035386","33.55743095311"
"1099","114.1457727506","33.55743095311"
"1100","114.1457727506","33.56491655491"
"1101","114.1356667037","33.57053164464"
"1102","114.1424040683","33.56678922525"
"1103","114.1356667037","33.56678922525"
"1104","114.1424040683","33.57053164464"
"1105","114.139035386","33.56491655491"
"1106","114.1289293391","33.57053164464"
"1107","114.1322980213","33.56865911248"
"1108","114.1255606567","33.56865911248"
"1109","114.1322980213","33.56491655491"
"1110","114.1255606567","33.56491655491"
"1111","114.1221919744","33.57053164464"
"1112","114.1188232921","33.56865911248"
"1113","114.1188232921","33.56491655491"
"1114","114.1087172452","33.56678922525"
"1115","114.1087172452","33.57053164464"
"1116","114.11545460985","33.57053164464"
"1117","114.11545460985","33.56678922525"
"1118","114.1120859275","33.56491655491"
"1119","114.1019798805","33.57053164464"
"1120","114.1019798805","33.56678922525"
"1121","114.1053485628","33.56491655491"
"1122","114.0952425159","33.57053164464"
"1123","114.0986111982","33.56865911248"
"1124","114.0918738336","33.56865911248"
"1125","114.0986111982","33.56491655491"
"1126","114.0918738336","33.56491655491"
"1127","114.0885051513","33.57053164464"
"1128","114.0885051513","33.56678922525"
"1129","114.0851364689","33.56491655491"
"1130","114.075030422","33.56678922525"
"1131","114.075030422","33.57053164464"
"1132","114.0817677866","33.56678922525"
"1133","114.0817677866","33.57053164464"
"1134","114.0783991043","33.56491655491"
"1135","114.0682930574","33.57053164464"
"1136","114.0716617397","33.56865911248"
"1137","114.0716617397","33.56491655491"
"1138","114.0615556928","33.57053164464"
"1139","114.064924375","33.56865911248"
"1140","114.0581870104","33.56865911248"
"1141","114.064924375","33.56491655491"
"1142","114.0581870104","33.56491655491"
"1143","114.0548183281","33.56678922525"
"1144","114.0548183281","33.57053164464"
"1145","114.0514496458","33.56491655491"
"1146","114.0480809635","33.57053164464"
"1147","114.04134359891","33.56678922525"
"1148","114.04134359891","33.57053164464"
"1149","114.0480809635","33.56678922525"
"1150","114.0447122811","33.56491655491"
"1151","114.0346062342","33.57053164464"
"1152","114.03797491656","33.56865911248"
"1153","114.0312375519","33.56865911248"
"1154","114.03797491656","33.56491655491"
"1155","114.0312375519","33.56491655491"
"1156","114.0278688696","33.57053164464"
"1157","114.0245001872","33.56865911248"
"1158","114.0245001872","33.56491655491"
"1159","114.0143941403","33.57053164464"
"1160","114.021131505","33.57053164464"
"1161","114.0143941403","33.56678922525"
"1162","114.021131505","33.56678922525"
"1163","114.0177628226","33.56491655491"
"1164","114.0076567757","33.56678922525"
"1165","114.0076567757","33.57053164464"
"1166","114.011025458","33.56491655491"
"1167","114.0009194111","33.57053164464"
"1168","114.0042880934","33.56865911248"
"1169","113.9975507287","33.56865911248"
"1170","114.0042880934","33.56491655491"
"1171","113.9975507287","33.56491655491"
"1172","113.9941820464","33.56678922525"
"1173","113.9941820464","33.57053164464"
"1174","113.9908133641","33.56491655491"
"1175","113.9874446818","33.57053164464"
"1176","113.9807073172","33.56678922525"
"1177","113.9807073172","33.57053164464"
"1178","113.9874446818","33.56678922525"
"1179","113.9840759995","33.56491655491"
"1180","113.9739699526","33.57053164464"
"1181","113.9773386348","33.56865911248"
"1182","113.9773386348","33.56491655491"
"1183","113.96723258797","33.57053164464"
"1184","113.9706012702","33.56865911248"
"1185","113.96386390562","33.56865911248"
"1186","113.9706012702","33.56491655491"
"1187","113.96386390562","33.56491655491"
"1188","113.9604952233","33.57053164464"
"1189","113.9604952233","33.56678922525"
"1190","113.9571265409","33.56491655491"
"1191","113.9537578587","33.56678922525"
"1192","113.9537578587","33.57053164464"
"1193","113.947020494","33.56678922525"
"1194","113.947020494","33.57053164464"
"1195","113.9503891763","33.56491655491"
"1196","113.9402831294","33.57053164464"
"1197","113.9436518117","33.56865911248"
"1198","113.9436518117","33.56491655491"
"1199","113.9402831294","33.57801599672"
"1200","113.9436518117","33.57614374096"
"1201","113.9436518117","33.57240150784"
"1202","113.947020494","33.5742739018"
"1203","113.9537578587","33.5742739018"
"1204","113.947020494","33.57801599672"
"1205","113.9537578587","33.57801599672"
"1206","113.9503891763","33.57240150784"
"1207","113.9604952233","33.57801599672"
"1208","113.9604952233","33.5742739018"
"1209","113.9571265409","33.57240150784"
"1210","113.96723258797","33.57801599672"
"1211","113.9706012702","33.57614374096"
"1212","113.96386390562","33.57614374096"
"1213","113.9706012702","33.57240150784"
"1214","113.96386390562","33.57240150784"
"1215","113.9739699526","33.57801599672"
"1216","113.9773386348","33.57614374096"
"1217","113.9773386348","33.57240150784"
"1218","113.9807073172","33.57801599672"
"1219","113.9874446818","33.57801599672"
"1220","113.9807073172","33.5742739018"
"1221","113.9874446818","33.5742739018"
"1222","113.9840759995","33.57240150784"
"1223","113.9941820464","33.57801599672"
"1224","113.9908133641","33.57614374096"
"1225","113.9908133641","33.57240150784"
"1226","114.0009194111","33.57801599672"
"1227","114.0042880934","33.57614374096"
"1228","113.9975507287","33.57614374096"
"1229","114.0042880934","33.57240150784"
"1230","113.9975507287","33.57240150784"
"1231","114.0076567757","33.57801599672"
"1232","114.0076567757","33.5742739018"
"1233","114.011025458","33.57240150784"
"1234","114.0143941403","33.5742739018"
"1235","114.0143941403","33.57801599672"
"1236","114.021131505","33.5742739018"
"1237","114.021131505","33.57801599672"
"1238","114.0177628226","33.57240150784"
"1239","114.0278688696","33.57801599672"
"1240","114.0245001872","33.57614374096"
"1241","114.0245001872","33.57240150784"
"1242","114.0346062342","33.57801599672"
"1243","114.03797491656","33.57614374096"
"1244","114.0312375519","33.57614374096"
"1245","114.03797491656","33.57240150784"
"1246","114.0312375519","33.57240150784"
"1247","114.04134359891","33.57801599672"
"1248","114.04134359891","33.5742739018"
"1249","114.0480809635","33.57801599672"
"1250","114.0480809635","33.5742739018"
"1251","114.0447122811","33.57240150784"
"1252","114.0548183281","33.57801599672"
"1253","114.0548183281","33.5742739018"
"1254","114.0514496458","33.57240150784"
"1255","114.0615556928","33.57801599672"
"1256","114.064924375","33.57614374096"
"1257","114.0581870104","33.57614374096"
"1258","114.064924375","33.57240150784"
"1259","114.0581870104","33.57240150784"
"1260","114.0682930574","33.57801599672"
"1261","114.0716617397","33.57614374096"
"1262","114.0716617397","33.57240150784"
"1263","114.075030422","33.5742739018"
"1264","114.0817677866","33.5742739018"
"1265","114.0817677866","33.57801599672"
"1266","114.075030422","33.57801599672"
"1267","114.0783991043","33.57240150784"
"1268","114.0885051513","33.57801599672"
"1269","114.0851364689","33.57614374096"
"1270","114.0851364689","33.57240150784"
"1271","114.0952425159","33.57801599672"
"1272","114.0986111982","33.57614374096"
"1273","114.0918738336","33.57614374096"
"1274","114.0986111982","33.57240150784"
"1275","114.0918738336","33.57240150784"
"1276","114.1019798805","33.57801599672"
"1277","114.1019798805","33.5742739018"
"1278","114.1053485628","33.57240150784"
"1279","114.11545460985","33.57801599672"
"1280","114.1087172452","33.5742739018"
"1281","114.11545460985","33.5742739018"
"1282","114.1087172452","33.57801599672"
"1283","114.1120859275","33.57240150784"
"1284","114.1221919744","33.57801599672"
"1285","114.1188232921","33.57614374096"
"1286","114.1188232921","33.57240150784"
"1287","114.1289293391","33.57801599672"
"1288","114.1322980213","33.57614374096"
"1289","114.1255606567","33.57614374096"
"1290","114.1322980213","33.57240150784"
"1291","114.1255606567","33.57240150784"
"1292","114.1356667037","33.57801599672"
"1293","114.1424040683","33.5742739018"
"1294","114.1424040683","33.57801599672"
"1295","114.1356667037","33.5742739018"
"1296","114.139035386","33.57240150784"
"1297","114.1457727506","33.57240150784"
"1298","114.1457727506","33.57988581185"
"1299","114.1424040683","33.58175792939"
"1300","114.1356667037","33.5854996998"
"1301","114.1356667037","33.58175792939"
"1302","114.1424040683","33.5854996998"
"1303","114.139035386","33.579885811852"
"1304","114.1289293391","33.5854996998"
"1305","114.1322980213","33.58362772048"
"1306","114.1255606567","33.58362772048"
"1307","114.1322980213","33.579885811852"
"1308","114.1255606567","33.579885811852"
"1309","114.1221919744","33.5854996998"
"1310","114.1188232921","33.58362772048"
"1311","114.1188232921","33.579885811852"
"1312","114.11545460985","33.58175792939"
"1313","114.11545460985","33.5854996998"
"1314","114.1087172452","33.5854996998"
"1315","114.1087172452","33.58175792939"
"1316","114.1120859275","33.579885811852"
"1317","114.1019798805","33.5854996998"
"1318","114.1053485628","33.58362772048"
"1319","114.1053485628","33.579885811852"
"1320","114.0952425159","33.5854996998"
"1321","114.0986111982","33.58362772048"
"1322","114.0918738336","33.58362772048"
"1323","114.0986111982","33.579885811852"
"1324","114.0918738336","33.579885811852"
"1325","114.0885051513","33.5854996998"
"1326","114.0851364689","33.58362772048"
"1327","114.0851364689","33.579885811852"
"1328","114.0817677866","33.58175792939"
"1329","114.075030422","33.5854996998"
"1330","114.0817677866","33.5854996998"
"1331","114.075030422","33.58175792939"
"1332","114.0783991043","33.579885811852"
"1333","114.0682930574","33.5854996998"
"1334","114.0716617397","33.58362772048"
"1335","114.0716617397","33.579885811852"
"1336","114.0615556928","33.5854996998"
"1337","114.064924375","33.58362772048"
"1338","114.0581870104","33.58362772048"
"1339","114.064924375","33.579885811852"
"1340","114.0581870104","33.579885811852"
"1341","114.0548183281","33.58175792939"
"1342","114.0548183281","33.5854996998"
"1343","114.0514496458","33.579885811852"
"1344","114.0480809635","33.58175792939"
"1345","114.04134359891","33.5854996998"
"1346","114.04134359891","33.58175792939"
"1347","114.0480809635","33.5854996998"
"1348","114.0447122811","33.579885811852"
"1349","114.0346062342","33.5854996998"
"1350","114.03797491656","33.58362772048"
"1351","114.0312375519","33.58362772048"
"1352","114.03797491656","33.579885811852"
"1353","114.0312375519","33.579885811852"
"1354","114.0278688696","33.5854996998"
"1355","114.0245001872","33.58362772048"
"1356","114.0245001872","33.579885811852"
"1357","114.021131505","33.5854996998"
"1358","114.0143941403","33.58175792939"
"1359","114.021131505","33.58175792939"
"1360","114.0143941403","33.5854996998"
"1361","114.0177628226","33.579885811852"
"1362","114.0076567757","33.58175792939"
"1363","114.0076567757","33.5854996998"
"1364","114.011025458","33.57988581185"
"1365","114.0009194111","33.5854996998"
"1366","114.0042880934","33.58362772048"
"1367","113.9975507287","33.58362772048"
"1368","114.0042880934","33.579885811852"
"1369","113.9975507287","33.579885811852"
"1370","113.9941820464","33.5854996998"
"1371","113.9908133641","33.58362772048"
"1372","113.9908133641","33.579885811852"
"1373","113.9874446818","33.58175792939"
"1374","113.9874446818","33.5854996998"
"1375","113.9807073172","33.58175792939"
"1376","113.9807073172","33.5854996998"
"1377","113.9840759995","33.579885811852"
"1378","113.9739699526","33.5854996998"
"1379","113.9773386348","33.58362772048"
"1380","113.9773386348","33.579885811852"
"1381","113.96723258797","33.5854996998"
"1382","113.9706012702","33.58362772048"
"1383","113.96386390562","33.58362772048"
"1384","113.9706012702","33.579885811852"
"1385","113.96386390562","33.57988581185"
"1386","113.9604952233","33.58175792939"
"1387","113.9604952233","33.5854996998"
"1388","113.9571265409","33.579885811852"
"1389","113.947020494","33.5854996998"
"1390","113.9537578587","33.58175792939"
"1391","113.9537578587","33.5854996998"
"1392","113.947020494","33.58175792939"
"1393","113.9503891763","33.579885811852"
"1394","113.9402831294","33.5854996998"
"1395","113.9436518117","33.58362772048"
"1396","113.9436518117","33.579885811852"
"1397","113.9436518117","33.59111105096"
"1398","113.9436518117","33.58736946685"
"1399","113.947020494","33.58924130795"
"1400","113.9537578587","33.58924130795"
"1401","113.9503891763","33.58736946685"
"1402","113.9571265409","33.59111105096"
"1403","113.9571265409","33.58736946685"
"1404","113.9706012702","33.59111105096"
"1405","113.96386390562","33.59111105096"
"1406","113.9706012702","33.58736946685"
"1407","113.96386390562","33.58736946685"
"1408","113.9773386348","33.59111105096"
"1409","113.9773386348","33.58736946685"
"1410","113.9807073172","33.58924130795"
"1411","113.9874446818","33.58924130794"
"1412","113.9840759995","33.58736946685"
"1413","113.9908133641","33.59111105096"
"1414","113.9908133641","33.58736946685"
"1415","114.0042880934","33.59111105096"
"1416","113.9975507287","33.59111105096"
"1417","114.0042880934","33.58736946685"
"1418","113.9975507287","33.58736946685"
"1419","114.011025458","33.59111105096"
"1420","114.011025458","33.58736946685"
"1421","114.021131505","33.58924130794"
"1422","114.0143941403","33.58924130795"
"1423","114.0177628226","33.58736946685"
"1424","114.0245001872","33.59111105096"
"1425","114.0245001872","33.58736946685"
"1426","114.03797491656","33.59111105096"
"1427","114.0312375519","33.59111105096"
"1428","114.03797491656","33.58736946685"
"1429","114.0312375519","33.58736946685"
"1430","114.04134359891","33.58924130795"
"1431","114.0480809635","33.58924130795"
"1432","114.0447122811","33.58736946685"
"1433","114.0514496458","33.59111105096"
"1434","114.0514496458","33.58736946685"
"1435","114.064924375","33.59111105096"
"1436","114.0581870104","33.59111105096"
"1437","114.064924375","33.58736946685"
"1438","114.0581870104","33.58736946685"
"1439","114.0716617397","33.59111105096"
"1440","114.0716617397","33.58736946685"
"1441","114.075030422","33.58924130795"
"1442","114.0817677866","33.58924130795"
"1443","114.0783991043","33.58736946685"
"1444","114.0851364689","33.59111105096"
"1445","114.0851364689","33.58736946685"
"1446","114.0986111982","33.59111105096"
"1447","114.0918738336","33.59111105096"
"1448","114.0986111982","33.58736946685"
"1449","114.0918738336","33.58736946685"
"1450","114.1053485628","33.59111105096"
"1451","114.1053485628","33.58736946685"
"1452","114.11545460985","33.58924130795"
"1453","114.1087172452","33.58924130795"
"1454","114.1120859275","33.58736946685"
"1455","114.1188232921","33.59111105096"
"1456","114.1188232921","33.58736946685"
"1457","114.1322980213","33.59111105096"
"1458","114.1255606567","33.59111105096"
"1459","114.1322980213","33.58736946685"
"1460","114.1255606567","33.58736946685"
"1461","114.1356667037","33.58924130795"
"1462","114.1424040683","33.58924130794"
"1463","114.139035386","33.58736946685"
"1464","114.1457727506","33.59111105096"
"1465","114.1457727506","33.58736946685"
"1466","114.1457727506","33.59859373233"
"1467","114.1424040683","33.5967240374"
"1468","114.1356667037","33.59298275381"
"1469","114.1424040683","33.59298275381"
"1470","114.1356667037","33.5967240374"
"1471","114.139035386","33.59859373233"
"1472","114.1289293391","33.59298275381"
"1473","114.1322980213","33.59859373233"
"1474","114.1255606567","33.59859373233"
"1475","114.1322980213","33.59485247279"
"1476","114.1255606567","33.59485247279"
"1477","114.1221919744","33.59298275381"
"1478","114.1188232921","33.59859373233"
"1479","114.1188232921","33.59485247279"
"1480","114.1087172452","33.59298275381"
"1481","114.11545460985","33.59298275381"
"1482","114.11545460985","33.5967240374"
"1483","114.1087172452","33.5967240374"
"1484","114.1120859275","33.59859373233"
"1485","114.1019798805","33.59298275381"
"1486","114.1053485628","33.59859373233"
"1487","114.1053485628","33.59485247279"
"1488","114.0952425159","33.59298275381"
"1489","114.0986111982","33.59859373233"
"1490","114.0918738336","33.59859373233"
"1491","114.0986111982","33.59485247279"
"1492","114.0918738336","33.59485247279"
"1493","114.0885051513","33.59298275381"
"1494","114.0851364689","33.59859373233"
"1495","114.0851364689","33.59485247279"
"1496","114.075030422","33.59298275381"
"1497","114.0817677866","33.5967240374"
"1498","114.075030422","33.5967240374"
"1499","114.0817677866","33.59298275381"
"1500","114.0783991043","33.59859373233"
"1501","114.0682930574","33.59298275381"
"1502","114.0716617397","33.59859373233"
"1503","114.0716617397","33.59485247279"
"1504","114.0615556928","33.59298275381"
"1505","114.064924375","33.59859373233"
"1506","114.0581870104","33.59859373233"
"1507","114.064924375","33.59485247279"
"1508","114.0581870104","33.59485247279"
"1509","114.0548183281","33.5967240374"
"1510","114.0548183281","33.59298275381"
"1511","114.0514496458","33.59859373233"
"1512","114.04134359891","33.59298275381"
"1513","114.0480809635","33.5967240374"
"1514","114.0480809635","33.59298275381"
"1515","114.04134359891","33.5967240374"
"1516","114.0447122811","33.59859373233"
"1517","114.0346062342","33.59298275381"
"1518","114.03797491656","33.59859373233"
"1519","114.0312375519","33.59859373233"
"1520","114.03797491656","33.59485247279"
"1521","114.0312375519","33.59485247279"
"1522","114.0278688696","33.59298275381"
"1523","114.0245001872","33.59859373233"
"1524","114.0245001872","33.59485247279"
"1525","114.0143941403","33.59298275381"
"1526","114.0143941403","33.5967240374"
"1527","114.021131505","33.5967240374"
"1528","114.021131505","33.59298275381"
"1529","114.0177628226","33.59859373233"
"1530","114.0076567757","33.59298275381"
"1531","114.011025458","33.59859373233"
"1532","114.011025458","33.59485247279"
"1533","114.0009194111","33.59298275381"
"1534","114.0042880934","33.59859373233"
"1535","113.9975507287","33.59859373233"
"1536","114.0042880934","33.59485247279"
"1537","113.9975507287","33.59485247279"
"1538","113.9941820464","33.59298275381"
"1539","113.9908133641","33.59859373233"
"1540","113.9908133641","33.59485247279"
"1541","113.9874446818","33.5967240374"
"1542","113.9874446818","33.59298275381"
"1543","113.9807073172","33.59298275381"
"1544","113.9807073172","33.5967240374"
"1545","113.9840759995","33.59859373233"
"1546","113.9739699526","33.59298275381"
"1547","113.9773386348","33.59859373233"
"1548","113.9773386348","33.59485247279"
"1549","113.96723258797","33.59298275381"
"1550","113.9706012702","33.59859373233"
"1551","113.96386390562","33.59859373233"
"1552","113.9706012702","33.59485247279"
"1553","113.96386390562","33.59485247279"
"1554","113.9604952233","33.59298275381"
"1555","113.9571265409","33.59859373233"
"1556","113.9571265409","33.59485247279"
"1557","113.947020494","33.5967240374"
"1558","113.947020494","33.59298275381"
"1559","113.9537578587","33.59298275381"
"1560","113.9537578587","33.5967240374"
"1561","113.9503891763","33.59859373233"
"1562","113.9402831294","33.59298275381"
"1563","113.9436518117","33.59859373233"
"1564","113.9436518117","33.59485247279"
"1565","113.9402831294","33.60046515869"
"1566","113.9436518117","33.60607576452"
"1567","113.9436518117","33.60233482958"
"1568","113.947020494","33.60420611768"
"1569","113.947020494","33.60046515869"
"1570","113.9537578587","33.60046515869"
"1571","113.9537578587","33.60420611768"
"1572","113.9503891763","33.60607576452"
"1573","113.9604952233","33.60420611768"
"1574","113.9604952233","33.60046515869"
"1575","113.9571265409","33.60607576452"
"1576","113.96723258797","33.60046515869"
"1577","113.9706012702","33.60607576452"
"1578","113.96386390562","33.60607576452"
"1579","113.9706012702","33.60233482958"
"1580","113.96386390562","33.60233482958"
"1581","113.9739699526","33.60046515869"
"1582","113.9773386348","33.60607576452"
"1583","113.9773386348","33.60233482958"
"1584","113.9807073172","33.60420611768"
"1585","113.9807073172","33.60046515869"
"1586","113.9874446818","33.60420611768"
"1587","113.9874446818","33.60046515869"
"1588","113.9840759995","33.60607576452"
"1589","113.9941820464","33.60046515869"
"1590","113.9908133641","33.60607576452"
"1591","113.9908133641","33.60233482958"
"1592","114.0009194111","33.60046515869"
"1593","114.0042880934","33.60607576452"
"1594","113.9975507287","33.60607576452"
"1595","114.0042880934","33.60233482958"
"1596","113.9975507287","33.60233482958"
"1597","114.0076567757","33.60046515869"
"1598","114.0076567757","33.60420611768"
"1599","114.011025458","33.60607576452"
"1600","114.021131505","33.60046515869"
"1601","114.021131505","33.60420611768"
"1602","114.0143941403","33.60420611768"
"1603","114.0143941403","33.60046515869"
"1604","114.0177628226","33.60607576452"
"1605","114.0278688696","33.60046515869"
"1606","114.0245001872","33.60607576452"
"1607","114.0245001872","33.60233482958"
"1608","114.0346062342","33.60046515869"
"1609","114.03797491656","33.60607576452"
"1610","114.0312375519","33.60607576452"
"1611","114.03797491656","33.60233482958"
"1612","114.0312375519","33.60233482958"
"1613","114.0480809635","33.60420611768"
"1614","114.0480809635","33.60046515869"
"1615","114.04134359891","33.60046515869"
"1616","114.04134359891","33.60420611768"
"1617","114.0447122811","33.60607576452"
"1618","114.0548183281","33.60420611768"
"1619","114.0548183281","33.60046515869"
"1620","114.0514496458","33.60607576452"
"1621","114.0615556928","33.60046515869"
"1622","114.064924375","33.60607576452"
"1623","114.0581870104","33.60607576452"
"1624","114.064924375","33.60233482958"
"1625","114.0581870104","33.60233482958"
"1626","114.0682930574","33.60046515869"
"1627","114.0716617397","33.60607576452"
"1628","114.0716617397","33.60233482958"
"1629","114.075030422","33.60420611768"
"1630","114.0817677866","33.60420611768"
"1631","114.075030422","33.60046515869"
"1632","114.0817677866","33.60046515869"
"1633","114.0783991043","33.60607576452"
"1634","114.0885051513","33.60046515869"
"1635","114.0851364689","33.60607576452"
"1636","114.0851364689","33.60233482958"
"1637","114.0952425159","33.60046515869"
"1638","114.0986111982","33.60607576452"
"1639","114.0918738336","33.60607576452"
"1640","114.0986111982","33.60233482958"
"1641","114.0918738336","33.60233482958"
"1642","114.1019798805","33.60420611768"
"1643","114.1019798805","33.60046515869"
"1644","114.1053485628","33.60607576452"
"1645","114.11545460985","33.60420611768"
"1646","114.1087172452","33.60046515869"
"1647","114.1087172452","33.60420611768"
"1648","114.11545460985","33.60046515869"
"1649","114.1120859275","33.60607576452"
"1650","114.1221919744","33.60046515869"
"1651","114.1188232921","33.60607576452"
"1652","114.1188232921","33.60233482958"
"1653","114.1289293391","33.60046515869"
"1654","114.1322980213","33.60607576452"
"1655","114.1255606567","33.60607576452"
"1656","114.1322980213","33.60233482958"
"1657","114.1255606567","33.60233482958"
"1658","114.1356667037","33.60420611768"
"1659","114.1424040683","33.60420611768"
"1660","114.1356667037","33.60046515869"
"1661","114.1424040683","33.60046515869"
"1662","114.139035386","33.60607576452"
"1663","114.1457727506","33.60607576452"
"1664","114.1457727506","33.61355714747"
"1665","114.1356667037","33.61168754872"
"1666","114.1356667037","33.60794691436"
"1667","114.1424040683","33.60794691436"
"1668","114.1424040683","33.61168754872"
"1669","114.139035386","33.61355714747"
"1670","114.1289293391","33.60794691436"
"1671","114.1322980213","33.61355714747"
"1672","114.1255606567","33.61355714747"
"1673","114.1322980213","33.60981653716"
"1674","114.1255606567","33.60981653716"
"1675","114.1221919744","33.60794691436"
"1676","114.1188232921","33.61355714747"
"1677","114.1188232921","33.60981653716"
"1678","114.1087172452","33.60794691436"
"1679","114.1087172452","33.61168754872"
"1680","114.11545460985","33.61168754872"
"1681","114.11545460985","33.60794691436"
"1682","114.1120859275","33.61355714747"
"1683","114.1019798805","33.61168754872"
"1684","114.1019798805","33.60794691436"
"1685","114.1053485628","33.61355714747"
"1686","114.0952425159","33.60794691436"
"1687","114.0986111982","33.61355714747"
"1688","114.0918738336","33.61355714747"
"1689","114.0986111982","33.60981653716"
"1690","114.0918738336","33.60981653716"
"1691","114.0885051513","33.60794691436"
"1692","114.0851364689","33.61355714747"
"1693","114.0851364689","33.60981653716"
"1694","114.0817677866","33.61168754872"
"1695","114.0817677866","33.60794691436"
"1696","114.075030422","33.60794691436"
"1697","114.075030422","33.61168754872"
"1698","114.0783991043","33.61355714747"
"1699","114.0682930574","33.60794691436"
"1700","114.0716617397","33.61355714747"
"1701","114.0716617397","33.60981653716"
"1702","114.0615556928","33.60794691436"
"1703","114.064924375","33.61355714747"
"1704","114.0581870104","33.61355714747"
"1705","114.064924375","33.60981653716"
"1706","114.0581870104","33.60981653716"
"1707","114.0548183281","33.61168754872"
"1708","114.0548183281","33.60794691436"
"1709","114.0514496458","33.61355714747"
"1710","114.0480809635","33.60794691436"
"1711","114.0480809635","33.61168754872"
"1712","114.04134359891","33.60794691436"
"1713","114.04134359891","33.61168754872"
"1714","114.0447122811","33.61355714747"
"1715","114.0346062342","33.60794691436"
"1716","114.03797491656","33.61355714747"
"1717","114.0312375519","33.61355714747"
"1718","114.03797491656","33.60981653716"
"1719","114.0312375519","33.60981653716"
"1720","114.0278688696","33.60794691436"
"1721","114.0245001872","33.61355714747"
"1722","114.0245001872","33.60981653716"
"1723","114.0143941403","33.61168754872"
"1724","114.021131505","33.61168754872"
"1725","114.0143941403","33.60794691436"
"1726","114.021131505","33.60794691436"
"1727","114.0177628226","33.61355714747"
"1728","114.0076567757","33.60794691436"
"1729","114.0076567757","33.61168754872"
"1730","114.011025458","33.61355714747"
"1731","114.0009194111","33.60794691436"
"1732","114.0042880934","33.61355714747"
"1733","113.9975507287","33.61355714747"
"1734","114.0042880934","33.60981653716"
"1735","113.9975507287","33.60981653716"
"1736","113.9941820464","33.60794691436"
"1737","113.9908133641","33.61355714747"
"1738","113.9908133641","33.60981653716"
"1739","113.9807073172","33.60794691436"
"1740","113.9807073172","33.61168754872"
"1741","113.9874446818","33.61168754872"
"1742","113.9874446818","33.60794691436"
"1743","113.9840759995","33.61355714747"
"1744","113.9739699526","33.60794691436"
"1745","113.9773386348","33.61355714747"
"1746","113.9773386348","33.60981653716"
"1747","113.96723258797","33.60794691436"
"1748","113.9706012702","33.61355714747"
"1749","113.96386390562","33.61355714747"
"1750","113.9706012702","33.60981653716"
"1751","113.96386390562","33.60981653716"
"1752","113.9604952233","33.61168754872"
"1753","113.9604952233","33.60794691436"
"1754","113.9571265409","33.61355714747"
"1755","113.947020494","33.61168754872"
"1756","113.9537578587","33.61168754872"
"1757","113.947020494","33.60794691436"
"1758","113.9537578587","33.60794691436"
"1759","113.9503891763","33.61355714747"
"1760","113.9402831294","33.60794691436"
"1761","113.9436518117","33.61355714747"
"1762","113.9436518117","33.60981653716"
"1763","113.9402831294","33.61542802075"
"1764","113.9436518117","33.621037881095"
"1765","113.9436518117","33.61729759545"
"1766","113.947020494","33.61542802075"
"1767","113.9537578587","33.61542802075"
"1768","113.947020494","33.61916833044"
"1769","113.9537578587","33.61916833044"
"1770","113.9503891763","33.621037881095"
"1771","113.9604952233","33.61916833044"
"1772","113.9604952233","33.61542802075"
"1773","113.9571265409","33.621037881095"
"1774","113.96723258797","33.61542802075"
"1775","113.9706012702","33.621037881095"
"1776","113.96386390562","33.621037881095"
"1777","113.9706012702","33.61729759545"
"1778","113.96386390562","33.61729759545"
"1779","113.9739699526","33.61916833044"
"1780","113.9739699526","33.61542802075"
"1781","113.9773386348","33.621037881095"
"1782","113.9874446818","33.61542802075"
"1783","113.9874446818","33.61916833044"
"1784","113.9807073172","33.61916833044"
"1785","113.9807073172","33.61542802075"
"1786","113.9840759995","33.621037881095"
"1787","113.9941820464","33.61916833044"
"1788","113.9941820464","33.61542802075"
"1789","113.9908133641","33.621037881095"
"1790","114.0009194111","33.61542802075"
"1791","114.0042880934","33.621037881095"
"1792","113.9975507287","33.621037881095"
"1793","114.0042880934","33.61729759545"
"1794","113.9975507287","33.61729759545"
"1795","114.0076567757","33.61542802075"
"1796","114.0076567757","33.61916833044"
"1797","114.011025458","33.621037881095"
"1798","114.0143941403","33.61916833044"
"1799","114.021131505","33.61916833044"
"1800","114.021131505","33.61542802075"
"1801","114.0143941403","33.61542802075"
"1802","114.0177628226","33.621037881095"
"1803","114.0278688696","33.61542802075"
"1804","114.0245001872","33.621037881095"
"1805","114.0245001872","33.61729759545"
"1806","114.0346062342","33.61542802075"
"1807","114.03797491656","33.621037881095"
"1808","114.0312375519","33.621037881095"
"1809","114.03797491656","33.61729759545"
"1810","114.0312375519","33.61729759545"
"1811","114.0480809635","33.61916833044"
"1812","114.04134359891","33.61916833044"
"1813","114.04134359891","33.61542802075"
"1814","114.0480809635","33.61542802075"
"1815","114.0447122811","33.621037881095"
"1816","114.0548183281","33.61916833044"
"1817","114.0548183281","33.61542802075"
"1818","114.0514496458","33.621037881095"
"1819","114.0615556928","33.61542802075"
"1820","114.064924375","33.621037881095"
"1821","114.0581870104","33.621037881095"
"1822","114.064924375","33.61729759545"
"1823","114.0581870104","33.61729759545"
"1824","114.0682930574","33.61916833044"
"1825","114.0682930574","33.61542802075"
"1826","114.0716617397","33.621037881095"
"1827","114.075030422","33.61916833044"
"1828","114.075030422","33.61542802075"
"1829","114.0817677866","33.61916833044"
"1830","114.0817677866","33.61542802075"
"1831","114.0783991043","33.621037881095"
"1832","114.0885051513","33.61916833044"
"1833","114.0885051513","33.61542802075"
"1834","114.0851364689","33.621037881095"
"1835","114.0952425159","33.61542802075"
"1836","114.0986111982","33.621037881095"
"1837","114.0918738336","33.621037881095"
"1838","114.0986111982","33.61729759545"
"1839","114.0918738336","33.61729759545"
"1840","114.1019798805","33.61916833044"
"1841","114.1019798805","33.61542802075"
"1842","114.1053485628","33.621037881095"
"1843","114.11545460985","33.61542802075"
"1844","114.1087172452","33.61916833044"
"1845","114.1087172452","33.61542802075"
"1846","114.11545460985","33.61916833044"
"1847","114.1120859275","33.621037881095"
"1848","114.1221919744","33.61542802075"
"1849","114.1188232921","33.621037881095"
"1850","114.1188232921","33.61729759545"
"1851","114.1289293391","33.61542802075"
"1852","114.1322980213","33.621037881095"
"1853","114.1255606567","33.621037881095"
"1854","114.1322980213","33.61729759545"
"1855","114.1255606567","33.61729759545"
"1856","114.1356667037","33.61916833044"
"1857","114.1424040683","33.61916833044"
"1858","114.1356667037","33.61542802075"
"1859","114.1424040683","33.61542802075"
"1860","114.139035386","33.621037881095"
"1861","114.1457727506","33.621037881095"
"1862","114.1457727506","33.62851796532"
"1863","114.1356667037","33.626648462781"
"1864","114.1424040683","33.62290847779"
"1865","114.1356667037","33.62290847779"
"1866","114.1424040683","33.626648462781"
"1867","114.139035386","33.62851796532"
"1868","114.1289293391","33.62290847779"
"1869","114.1322980213","33.62851796532"
"1870","114.1255606567","33.62851796532"
"1871","114.1322980213","33.62477800438"
"1872","114.1255606567","33.62477800438"
"1873","114.1221919744","33.62290847779"
"1874","114.1188232921","33.62851796532"
"1875","114.1188232921","33.62477800438"
"1876","114.1087172452","33.62290847779"
"1877","114.1087172452","33.626648462781"
"1878","114.11545460985","33.62290847779"
"1879","114.11545460985","33.626648462781"
"1880","114.1120859275","33.62851796532"
"1881","114.1019798805","33.626648462781"
"1882","114.1019798805","33.62290847779"
"1883","114.1053485628","33.62851796532"
"1884","114.0952425159","33.62290847779"
"1885","114.0986111982","33.62851796532"
"1886","114.0918738336","33.62851796532"
"1887","114.0986111982","33.62477800438"
"1888","114.0918738336","33.62477800438"
"1889","114.0885051513","33.626648462781"
"1890","114.0885051513","33.62290847779"
"1891","114.0851364689","33.62851796532"
"1892","114.0817677866","33.62290847779"
"1893","114.0817677866","33.626648462781"
"1894","114.075030422","33.626648462781"
"1895","114.075030422","33.62290847779"
"1896","114.0783991043","33.62851796532"
"1897","114.0682930574","33.626648462781"
"1898","114.0682930574","33.62290847779"
"1899","114.0716617397","33.62851796532"
"1900","114.0615556928","33.62290847779"
"1901","114.064924375","33.62851796532"
"1902","114.0581870104","33.62851796532"
"1903","114.064924375","33.62477800438"
"1904","114.0581870104","33.62477800438"
"1905","114.0548183281","33.62290847779"
"1906","114.0548183281","33.626648462781"
"1907","114.0514496458","33.62851796532"
"1908","114.0480809635","33.62290847779"
"1909","114.04134359891","33.626648462781"
"1910","114.04134359891","33.62290847779"
"1911","114.0480809635","33.626648462781"
"1912","114.0447122811","33.62851796532"
"1913","114.0346062342","33.62290847779"
"1914","114.03797491656","33.62851796532"
"1915","114.0312375519","33.62851796532"
"1916","114.03797491656","33.62477800438"
"1917","114.0312375519","33.62477800438"
"1918","114.0278688696","33.62290847779"
"1919","114.0245001872","33.62851796532"
"1920","114.0245001872","33.62477800438"
"1921","114.0143941403","33.62290847779"
"1922","114.021131505","33.626648462781"
"1923","114.021131505","33.62290847779"
"1924","114.0143941403","33.626648462781"
"1925","114.0177628226","33.62851796532"
"1926","114.0076567757","33.62290847779"
"1927","114.0076567757","33.626648462781"
"1928","114.011025458","33.62851796532"
"1929","114.0009194111","33.62290847779"
"1930","114.0042880934","33.62851796532"
"1931","113.9975507287","33.62851796532"
"1932","114.0042880934","33.62477800438"
"1933","113.9975507287","33.62477800438"
"1934","113.9941820464","33.626648462781"
"1935","113.9941820464","33.62290847779"
"1936","113.9908133641","33.62851796532"
"1937","113.9874446818","33.62290847779"
"1938","113.9807073172","33.626648462781"
"1939","113.9807073172","33.62290847779"
"1940","113.9874446818","33.626648462781"
"1941","113.9840759995","33.62851796532"
"1942","113.9739699526","33.62290847779"
"1943","113.9739699526","33.626648462781"
"1944","113.9773386348","33.62851796532"
"1945","113.96723258797","33.62290847779"
"1946","113.9706012702","33.62851796532"
"1947","113.96386390562","33.62851796532"
"1948","113.9706012702","33.62477800438"
"1949","113.96386390562","33.62477800438"
"1950","113.9604952233","33.62290847779"
"1951","113.9604952233","33.626648462781"
"1952","113.9571265409","33.62851796532"
"1953","113.947020494","33.626648462781"
"1954","113.9537578587","33.626648462781"
"1955","113.947020494","33.62290847779"
"1956","113.9537578587","33.62290847779"
"1957","113.9503891763","33.62851796532"
"1958","113.9402831294","33.62290847779"
"1959","113.9436518117","33.62851796532"
"1960","113.9436518117","33.62477800438"
"1961","113.9402831294","33.63412794565"
"1962","113.9436518117","33.632257763896"
"1963","113.947020494","33.630388285406"
"1964","113.9537578587","33.63412794565"
"1965","113.9537578587","33.630388285406"
"1966","113.947020494","33.63412794565"
"1967","113.9604952233","33.63412794565"
"1968","113.9604952233","33.630388285406"
"1969","113.96723258797","33.63412794565"
"1970","113.9706012702","33.632257763896"
"1971","113.96386390562","33.632257763896"
"1972","113.9739699526","33.63412794565"
"1973","113.9739699526","33.630388285406"
"1974","113.9874446818","33.63412794565"
"1975","113.9874446818","33.630388285406"
"1976","113.9807073172","33.63412794565"
"1977","113.9807073172","33.630388285406"
"1978","113.9941820464","33.63412794565"
"1979","113.9941820464","33.630388285406"
"1980","114.0009194111","33.63412794565"
"1981","114.0042880934","33.632257763896"
"1982","113.9975507287","33.632257763896"
"1983","114.0076567757","33.630388285406"
"1984","114.0076567757","33.63412794565"
"1985","114.021131505","33.630388285406"
"1986","114.0143941403","33.630388285406"
"1987","114.021131505","33.63412794565"
"1988","114.0143941403","33.63412794565"
"1989","114.0278688696","33.63412794565"
"1990","114.0245001872","33.632257763896"
"1991","114.0346062342","33.63412794565"
"1992","114.03797491656","33.632257763896"
"1993","114.0312375519","33.632257763896"
"1994","114.0480809635","33.63412794565"
"1995","114.04134359891","33.63412794565"
"1996","114.0480809635","33.630388285406"
"1997","114.04134359891","33.630388285406"
"1998","114.0548183281","33.630388285406"
"1999","114.0548183281","33.63412794565"
"2000","114.0615556928","33.63412794565"
"2001","114.064924375","33.632257763896"
"2002","114.0581870104","33.632257763896"
"2003","114.0682930574","33.63412794565"
"2004","114.0682930574","33.630388285406"
"2005","114.0817677866","33.63412794565"
"2006","114.075030422","33.630388285406"
"2007","114.075030422","33.63412794565"
"2008","114.0817677866","33.630388285406"
"2009","114.0885051513","33.630388285406"
"2010","114.0885051513","33.63412794565"
"2011","114.0952425159","33.63412794565"
"2012","114.0986111982","33.632257763896"
"2013","114.0918738336","33.632257763896"
"2014","114.1019798805","33.63412794565"
"2015","114.1019798805","33.630388285406"
"2016","114.11545460985","33.63412794565"
"2017","114.1087172452","33.630388285406"
"2018","114.1087172452","33.63412794565"
"2019","114.11545460985","33.630388285406"
"2020","114.1221919744","33.63412794565"
"2021","114.1221919744","33.630388285406"
"2022","114.1289293391","33.63412794565"
"2023","114.1322980213","33.632257763896"
"2024","114.1255606567","33.632257763896"
"2025","114.1356667037","33.63412794565"
"2026","114.1424040683","33.630388285406"
"2027","114.1424040683","33.63412794565"
"2028","114.1356667037","33.630388285406"
"2029","114.1457727506","33.635997400092"
"2030","114.1424040683","33.63786744352"
"2031","114.1356667037","33.63786744352"
"2032","114.1424040683","33.641606779005"
"2033","114.1356667037","33.641606779005"
"2034","114.139035386","33.635997400092"
"2035","114.1289293391","33.641606779005"
"2036","114.1322980213","33.6397368739"
"2037","114.1255606567","33.6397368739"
"2038","114.1322980213","33.635997400092"
"2039","114.1255606567","33.635997400092"
"2040","114.1221919744","33.641606779005"
"2041","114.1188232921","33.6397368739"
"2042","114.1188232921","33.635997400092"
"2043","114.11545460985","33.641606779005"
"2044","114.1087172452","33.63786744352"
"2045","114.1087172452","33.641606779005"
"2046","114.11545460985","33.63786744352"
"2047","114.1120859275","33.63599740009"
"2048","114.1019798805","33.641606779005"
"2049","114.1019798805","33.63786744352"
"2050","114.1053485628","33.63599740009"
"2051","114.0952425159","33.641606779005"
"2052","114.0986111982","33.6397368739"
"2053","114.0918738336","33.6397368739"
"2054","114.0986111982","33.635997400092"
"2055","114.0918738336","33.635997400092"
"2056","114.0885051513","33.63786744352"
"2057","114.0885051513","33.641606779005"
"2058","114.0851364689","33.63599740009"
"2059","114.0817677866","33.641606779005"
"2060","114.0817677866","33.63786744352"
"2061","114.075030422","33.63786744352"
"2062","114.075030422","33.641606779005"
"2063","114.0783991043","33.635997400092"
"2064","114.0682930574","33.63786744352"
"2065","114.0682930574","33.641606779005"
"2066","114.0716617397","33.63599740009"
"2067","114.0615556928","33.641606779005"
"2068","114.064924375","33.6397368739"
"2069","114.0581870104","33.6397368739"
"2070","114.064924375","33.635997400092"
"2071","114.0581870104","33.635997400092"
"2072","114.0548183281","33.641606779005"
"2073","114.0548183281","33.63786744352"
"2074","114.0514496458","33.635997400092"
"2075","114.04134359891","33.63786744352"
"2076","114.0480809635","33.641606779005"
"2077","114.04134359891","33.641606779005"
"2078","114.0480809635","33.63786744352"
"2079","114.0447122811","33.635997400092"
"2080","114.0346062342","33.641606779005"
"2081","114.03797491656","33.6397368739"
"2082","114.0312375519","33.6397368739"
"2083","114.03797491656","33.63599740009"
"2084","114.0312375519","33.635997400092"
"2085","114.0278688696","33.641606779005"
"2086","114.0245001872","33.6397368739"
"2087","114.0245001872","33.635997400092"
"2088","114.0143941403","33.641606779005"
"2089","114.021131505","33.63786744352"
"2090","114.0143941403","33.63786744352"
"2091","114.021131505","33.641606779005"
"2092","114.0177628226","33.63599740009"
"2093","114.0076567757","33.641606779005"
"2094","114.0076567757","33.63786744352"
"2095","114.011025458","33.635997400092"
"2096","114.0009194111","33.641606779005"
"2097","114.0042880934","33.6397368739"
"2098","113.9975507287","33.6397368739"
"2099","114.0042880934","33.635997400092"
"2100","113.9975507287","33.635997400092"
"2101","113.9941820464","33.641606779005"
"2102","113.9941820464","33.63786744352"
"2103","113.9908133641","33.63599740009"
"2104","113.9807073172","33.641606779005"
"2105","113.9874446818","33.63786744352"
"2106","113.9807073172","33.63786744352"
"2107","113.9874446818","33.641606779005"
"2108","113.9840759995","33.63599740009"
"2109","113.9739699526","33.63786744352"
"2110","113.9739699526","33.641606779005"
"2111","113.9773386348","33.635997400092"
"2112","113.96723258797","33.641606779005"
"2113","113.9706012702","33.6397368739"
"2114","113.96386390562","33.6397368739"
"2115","113.9706012702","33.635997400092"
"2116","113.96386390562","33.635997400092"
"2117","113.9604952233","33.63786744352"
"2118","113.9604952233","33.641606779005"
"2119","113.9571265409","33.635997400092"
"2120","113.947020494","33.63786744352"
"2121","113.9537578587","33.641606779005"
"2122","113.947020494","33.641606779005"
"2123","113.9537578587","33.63786744352"
"2124","113.9503891763","33.635997400092"
"2125","113.9402831294","33.641606779005"
"2126","113.9436518117","33.6397368739"
"2127","113.9436518117","33.63599740009"
"2128","113.9402831294","33.64908496275"
"2129","113.9436518117","33.647215334343"
"2130","113.9436518117","33.64347618532"
"2131","113.9537578587","33.64534595208"
"2132","113.9537578587","33.64908496275"
"2133","113.947020494","33.64534595208"
"2134","113.947020494","33.64908496275"
"2135","113.9503891763","33.64347618532"
"2136","113.9604952233","33.64534595208"
"2137","113.9604952233","33.64908496275"
"2138","113.9571265409","33.64347618532"
"2139","113.96723258797","33.64908496275"
"2140","113.9706012702","33.647215334343"
"2141","113.96386390562","33.647215334343"
"2142","113.9706012702","33.64347618532"
"2143","113.96386390562","33.64347618532"
"2144","113.9739699526","33.64908496275"
"2145","113.9773386348","33.647215334343"
"2146","113.9773386348","33.64347618532"
"2147","113.9807073172","33.64534595208"
"2148","113.9874446818","33.64908496275"
"2149","113.9874446818","33.64534595208"
"2150","113.9807073172","33.64908496275"
"2151","113.9840759995","33.64347618532"
"2152","113.9941820464","33.64908496275"
"2153","113.9941820464","33.64534595208"
"2154","113.9908133641","33.64347618532"
"2155","114.0009194111","33.64908496275"
"2156","114.0042880934","33.647215334343"
"2157","113.9975507287","33.647215334343"
"2158","114.0042880934","33.64347618532"
"2159","113.9975507287","33.64347618532"
"2160","114.0076567757","33.64534595208"
"2161","114.0076567757","33.64908496275"
"2162","114.011025458","33.64347618532"
"2163","114.0143941403","33.64534595208"
"2164","114.021131505","33.64534595208"
"2165","114.0143941403","33.64908496275"
"2166","114.021131505","33.64908496275"
"2167","114.0177628226","33.64347618532"
"2168","114.0278688696","33.64908496275"
"2169","114.0245001872","33.647215334343"
"2170","114.0245001872","33.64347618532"
"2171","114.0346062342","33.64908496275"
"2172","114.03797491656","33.647215334343"
"2173","114.0312375519","33.647215334343"
"2174","114.03797491656","33.64347618532"
"2175","114.0312375519","33.64347618532"
"2176","114.0480809635","33.64908496275"
"2177","114.04134359891","33.64908496275"
"2178","114.04134359891","33.64534595208"
"2179","114.0480809635","33.64534595208"
"2180","114.0447122811","33.64347618532"
"2181","114.0548183281","33.64534595208"
"2182","114.0548183281","33.64908496275"
"2183","114.0514496458","33.64347618532"
"2184","114.0615556928","33.64908496275"
"2185","114.064924375","33.647215334343"
"2186","114.0581870104","33.647215334343"
"2187","114.064924375","33.64347618532"
"2188","114.0581870104","33.64347618532"
"2189","114.0682930574","33.64908496275"
"2190","114.0716617397","33.647215334343"
"2191","114.0716617397","33.64347618532"
"2192","114.075030422","33.64908496275"
"2193","114.0817677866","33.64534595208"
"2194","114.075030422","33.64534595208"
"2195","114.0817677866","33.64908496275"
"2196","114.0783991043","33.64347618532"
"2197","114.0885051513","33.64908496275"
"2198","114.0885051513","33.64534595208"
"2199","114.0851364689","33.64347618532"
"2200","114.0952425159","33.64908496275"
"2201","114.0986111982","33.647215334343"
"2202","114.0918738336","33.647215334343"
"2203","114.0986111982","33.64347618532"
"2204","114.0918738336","33.64347618532"
"2205","114.1019798805","33.64908496275"
"2206","114.1019798805","33.64534595208"
"2207","114.1053485628","33.64347618532"
"2208","114.1087172452","33.64534595208"
"2209","114.11545460985","33.64534595208"
"2210","114.1087172452","33.64908496275"
"2211","114.11545460985","33.64908496275"
"2212","114.1120859275","33.64347618532"
"2213","114.1221919744","33.64908496275"
"2214","114.1188232921","33.647215334343"
"2215","114.1188232921","33.64347618532"
"2216","114.1289293391","33.64908496275"
"2217","114.1322980213","33.647215334343"
"2218","114.1255606567","33.647215334343"
"2219","114.1322980213","33.64347618532"
"2220","114.1255606567","33.64347618532"
"2221","114.1356667037","33.64908496275"
"2222","114.1424040683","33.64534595208"
"2223","114.1424040683","33.64908496275"
"2224","114.1356667037","33.64534595208"
"2225","114.139035386","33.64347618532"
"2226","114.1457727506","33.64347618532"
"2227","114.1457727506","33.65095432095"
"2228","114.1356667037","33.652823811"
"2229","114.1424040683","33.652823811"
"2230","114.139035386","33.65095432095"
"2231","114.1322980213","33.65469314514"
"2232","114.1255606567","33.65469314514"
"2233","114.1322980213","33.65095432095"
"2234","114.1255606567","33.65095432095"
"2235","114.1188232921","33.65469314514"
"2236","114.1188232921","33.65095432095"
"2237","114.1087172452","33.652823811"
"2238","114.11545460985","33.652823811"
"2239","114.1120859275","33.65095432095"
"2240","114.1019798805","33.652823811"
"2241","114.1053485628","33.65095432095"
"2242","114.0986111982","33.65469314514"
"2243","114.0918738336","33.65469314514"
"2244","114.0986111982","33.65095432095"
"2245","114.0918738336","33.65095432095"
"2246","114.0851364689","33.65469314514"
"2247","114.0851364689","33.65095432095"
"2248","114.075030422","33.652823811"
"2249","114.0817677866","33.652823811"
"2250","114.0783991043","33.65095432095"
"2251","114.0716617397","33.65469314514"
"2252","114.0716617397","33.65095432095"
"2253","114.064924375","33.65469314514"
"2254","114.0581870104","33.65469314514"
"2255","114.064924375","33.65095432095"
"2256","114.0581870104","33.65095432095"
"2257","114.0548183281","33.652823811"
"2258","114.0514496458","33.65095432095"
"2259","114.04134359891","33.652823811"
"2260","114.0480809635","33.652823811"
"2261","114.0447122811","33.65095432095"
"2262","114.03797491656","33.65469314514"
"2263","114.0312375519","33.65469314514"
"2264","114.03797491656","33.65095432095"
"2265","114.0312375519","33.65095432095"
"2266","114.0245001872","33.65469314514"
"2267","114.0245001872","33.65095432095"
"2268","114.021131505","33.652823811"
"2269","114.0143941403","33.652823811"
"2270","114.0177628226","33.65095432095"
"2271","114.0076567757","33.652823811"
"2272","114.011025458","33.65095432095"
"2273","114.0042880934","33.65469314514"
"2274","113.9975507287","33.65469314514"
"2275","114.0042880934","33.65095432095"
"2276","113.9975507287","33.65095432095"
"2277","113.9908133641","33.65469314514"
"2278","113.9908133641","33.65095432095"
"2279","113.9874446818","33.652823811"
"2280","113.9807073172","33.652823811"
"2281","113.9840759995","33.65095432095"
"2282","113.9773386348","33.65469314514"
"2283","113.9773386348","33.65095432095"
"2284","113.9706012702","33.65469314514"
"2285","113.96386390562","33.65469314514"
"2286","113.9706012702","33.65095432095"
"2287","113.96386390562","33.65095432095"
"2288","113.9604952233","33.652823811"
"2289","113.9571265409","33.65095432095"
"2290","113.947020494","33.652823811"
"2291","113.9537578587","33.652823811"
"2292","113.9503891763","33.65095432095"
"2293","113.9436518117","33.65469314514"
"2294","113.9436518117","33.65095432095"
