vehicleNo,lng,lat,CLUSTER
ԥLT0002,113.994087,33.591348,-1
ԥLT0003,113.462560,33.872053,-1
ԥLT0004,114.029518,33.564852,-1
ԥLT0005,114.005870,33.569000,-1
ԥLT0006,114.034073,33.576060,0
ԥLT0007,113.970467,33.615847,-1
ԥLT0009,114.010538,33.601829,7
ԥLT0010,114.033387,33.578162,0
ԥLT0012,114.022310,33.544443,9
ԥLT0013,114.037543,33.591297,-1
ԥLT0014,113.989570,33.610034,-1
ԥLT0015,113.972101,33.575516,-1
ԥLT0016,114.025470,33.596404,-1
ԥLT0018,114.030177,33.560560,-1
ԥLT0019,114.017937,33.590330,3
ԥLT0020,114.016074,33.567731,0
ԥLT0021,114.074240,33.548214,-1
ԥLT0022,114.006274,33.584648,1
ԥLT0023,113.845136,33.523781,-1
ԥLT0024,114.039188,33.585408,-1
ԥLT0025,114.051641,33.581746,-1
ԥLT0026,114.030387,33.544283,-1
ԥLT0027,113.987978,33.555976,-1
ԥLT0028,114.020852,33.548253,-1
ԥLT0029,114.009822,33.585043,1
ԥLT0030,114.004049,33.585166,1
ԥLT0031,114.042591,33.564036,14
ԥLT0032,113.988833,33.559085,-1
ԥLT0034,113.521903,33.301195,-1
ԥLT0035,114.065291,33.568043,2
ԥLT0036,114.018966,33.588537,3
ԥLT0037,114.029913,33.571172,0
ԥLT0038,114.079735,33.589503,-1
ԥLT0039,114.028375,33.564398,-1
ԥLT0040,114.064038,33.569378,2
ԥLT0041,114.080630,33.555026,-1
ԥLT0042,114.015232,33.589208,1
ԥLT0043,114.036580,33.570216,0
ԥLT0044,113.376073,34.179723,-1
ԥLT0045,114.030490,33.571804,0
ԥLT0046,114.031751,33.580518,0
ԥLT0047,114.050113,33.569996,12
ԥLT0048,114.062465,33.569493,2
ԥLT0049,113.983584,33.566481,-1
ԥLT0050,114.007996,33.579855,-1
ԥLT0051,114.010016,33.558279,10
ԥLT0053,114.055359,33.583007,4
ԥLT0054,114.051326,33.546414,-1
ԥLT0055,114.009056,33.557118,10
ԥLT0056,113.998930,33.601535,8
ԥLT0057,114.020642,33.560408,0
ԥLT0058,114.054430,33.561921,-1
ԥLT0060,113.964164,33.547415,-1
ԥLT0061,113.999838,33.590124,1
ԥLT0062,114.017621,33.583596,-1
ԥLT0063,114.050278,33.602400,-1
ԥLT0064,114.014699,33.598483,7
ԥLT0065,113.982090,33.597960,-1
ԥLT0066,114.022355,33.544328,9
ԥLT0067,113.989531,33.598943,-1
ԥLT0068,114.009679,33.578691,-1
ԥLT0069,114.020960,33.563830,0
ԥLT0070,114.075405,33.587180,-1
ԥLT0071,114.054994,33.569660,2
ԥLT0072,114.089591,33.498125,-1
ԥLT0073,114.037499,33.586353,-1
ԥLT0075,113.975367,33.594455,-1
ԥLT0076,114.203007,33.577580,-1
ԥLT0077,114.075274,33.584767,-1
ԥLT0078,114.043443,33.561002,14
ԥLT0079,113.967770,33.570533,-1
ԥLT0080,114.030539,33.590204,5
ԥLT0081,113.992200,33.594751,-1
ԥLT0082,114.622763,33.582840,-1
ԥLT0083,114.020883,33.609675,-1
ԥLT0084,113.959935,33.574684,6
ԥLT0085,114.019653,33.609681,-1
ԥLT0086,114.027234,33.571012,0
ԥLT0087,114.059367,33.582428,-1
ԥLT0088,114.019806,33.539654,-1
ԥLT0089,114.011105,33.600793,7
ԥLT0090,113.996814,33.599860,8
ԥLT0091,114.028688,33.570482,0
ԥLT0092,113.962078,33.572881,6
ԥLT0093,114.008214,33.583072,1
ԥLT0094,113.991018,33.591994,-1
ԥLT0095,114.015108,33.593670,7
ԥLT0096,114.024238,33.570421,0
ԥLT0097,114.045510,33.561543,14
ԥLT0098,114.010403,33.552427,10
ԥLT0099,114.030189,33.576593,0
ԥLT0100,114.000722,33.551800,-1
ԥLT0101,113.959843,33.573925,6
ԥLT0102,114.025640,33.596385,-1
ԥLT0103,114.039630,33.574110,0
ԥLT0104,114.001459,33.561394,-1
ԥLT0105,114.020270,33.562805,0
ԥLT0106,114.003133,33.594471,1
ԥLT0107,113.934169,33.581585,-1
ԥLT0108,114.019486,33.573314,0
ԥLT0109,114.068799,33.588017,-1
ԥLT0110,114.061984,33.569509,2
ԥLT0112,114.041492,33.567695,-1
ԥLT0113,113.959927,33.574796,6
ԥLT0114,114.016116,33.553093,0
ԥLT0115,114.028680,33.570980,0
ԥLT0117,113.986719,33.575193,-1
ԥLT0118,113.959917,33.574587,6
ԥLT0119,114.068731,33.563141,15
ԥLT0120,114.042224,33.560480,14
ԥLT0121,114.006365,33.562279,-1
ԥLT0122,114.001540,33.609361,-1
ԥLT0123,114.062044,33.569506,2
ԥLT0125,113.999637,33.590351,1
ԥLT0126,114.037740,33.558361,-1
ԥLT0127,114.042270,33.589600,-1
ԥLT0129,114.032220,33.576444,0
ԥLT0130,114.029686,33.558977,-1
ԥLT0132,114.031690,33.566427,0
ԥLT0133,114.032323,33.569088,0
ԥLT0134,113.959884,33.574403,6
ԥLT0135,114.057473,33.568171,2
ԥLT0136,114.014921,33.598674,7
ԥLT0137,113.982851,33.585677,-1
ԥLT0138,114.041644,33.564414,14
ԥLT0139,114.002293,33.574731,-1
ԥLT0140,114.049790,33.565609,-1
ԥLT0141,114.006027,33.591823,1
ԥLT0142,113.986813,33.589038,-1
ԥLT0143,114.054066,33.563314,-1
ԥLT0144,114.066280,33.587424,-1
ԥLT0145,114.042460,33.587112,-1
ԥLT0149,114.024196,33.587940,-1
ԥLT0150,113.983905,33.592007,-1
ԥLT0151,113.982291,33.568154,-1
ԥLT0152,114.070360,33.563757,-1
ԥLT0153,114.015197,33.595924,7
ԥLT0154,113.963663,33.565947,-1
ԥLT0155,114.024162,33.571382,0
ԥLT0156,114.020050,33.549272,-1
ԥLT0157,114.038130,33.584713,-1
ԥLT0158,114.009490,33.580135,-1
ԥLT0159,113.974967,33.575846,-1
ԥLT0160,114.071360,33.583627,-1
ԥLT0161,114.040973,33.557106,-1
ԥLT0162,114.020780,33.564292,0
ԥLT0163,113.993428,33.550518,-1
ԥLT0164,114.019552,33.589838,3
ԥLT0165,113.977151,33.545612,-1
ԥLT0166,113.980015,33.395862,-1
ԥLT0167,114.002906,33.599888,8
ԥLT0168,113.996493,33.556908,11
ԥLT0169,114.014080,33.570798,0
ԥLT0170,114.013686,33.569415,0
ԥLT0171,114.059940,33.550153,-1
ԥLT0172,113.621445,33.191627,-1
ԥLT0173,114.016466,33.553626,0
ԥLT0174,114.024402,33.546570,9
ԥLT0175,114.659015,33.621519,-1
ԥLT0176,114.051154,33.569723,12
ԥLT0177,114.025560,33.543336,9
ԥLT0178,114.005844,33.598743,-1
ԥLT0179,114.050340,33.572525,12
ԥLT0180,114.053264,33.585799,4
ԥLT0181,114.020794,33.538167,-1
ԥLT0182,114.036763,33.570291,0
ԥLT0183,114.021744,33.573609,0
ԥLT0184,114.012262,33.603625,7
ԥLT0185,114.013462,33.596664,7
ԥLT0186,114.041821,33.578309,13
ԥLT0187,114.029068,33.588984,5
ԥLT0188,114.075226,33.563520,-1
ԥLT0189,114.002604,33.587170,1
ԥLT0190,114.057390,33.589752,-1
ԥLT0191,114.036263,33.571306,0
ԥLT0192,114.053126,33.584973,4
ԥLT0193,113.960003,33.575290,6
ԥLT0195,114.013871,33.551568,-1
ԥLT0196,113.983141,33.576262,-1
ԥLT0197,114.033028,33.582082,0
ԥLT0198,114.009680,33.593945,1
ԥLT0199,114.002876,33.597229,-1
ԥLT0200,114.003761,33.574871,-1
ԥLT0201,114.050485,33.562886,-1
ԥLT0202,114.106334,33.660121,-1
ԥLT0203,114.063449,33.569848,2
ԥLT0205,114.032830,33.572832,0
ԥLT0207,114.036784,33.573102,0
ԥLT0208,114.001767,33.590845,1
ԥLT0209,114.010062,33.595448,1
ԥLT0210,114.017889,33.560231,0
ԥLT0211,114.036727,33.572839,0
ԥLT0212,114.033794,33.569181,0
ԥLT0213,114.008548,33.570443,-1
ԥLT0214,114.046197,33.585077,-1
ԥLT0215,114.024442,33.546554,9
ԥLT0216,113.985128,33.581035,-1
ԥLT0217,113.999572,33.600345,8
ԥLT0218,114.022925,33.544131,9
ԥLT0219,114.023712,33.596909,-1
ԥLT0220,114.036084,33.572611,0
ԥLT0221,114.028238,33.565169,-1
ԥLT0222,114.056042,33.585144,4
ԥLT0223,114.067995,33.586872,-1
ԥLT0224,114.030469,33.585724,5
ԥLT0225,114.071234,33.635561,-1
ԥLT0226,114.046690,33.589170,-1
ԥLT0227,114.036034,33.572379,0
ԥLT0228,114.054339,33.580524,4
ԥLT0229,114.024274,33.570126,0
ԥLT0230,114.018906,33.555945,0
ԥLT0231,114.038200,33.592606,-1
ԥLT0232,114.003903,33.554785,-1
ԥLT0233,113.989030,33.588486,-1
ԥLT0234,114.002935,33.586932,1
ԥLT0235,114.011749,33.600725,7
ԥLT0236,114.002240,33.629657,-1
ԥLT0237,114.001989,33.570609,-1
ԥLT0238,113.972176,33.567932,-1
ԥLT0239,114.043015,33.574885,13
ԥLT0240,113.960389,33.575594,6
ԥLT0241,114.029338,33.571670,0
ԥLT0242,113.984534,33.567354,-1
ԥLT0243,114.027685,33.590558,5
ԥLT0244,114.041950,33.576974,13
ԥLT0245,114.069336,33.581900,-1
ԥLT0246,114.018288,33.550210,-1
ԥLT0248,114.033893,33.570753,0
ԥLT0249,114.078430,33.593334,-1
ԥLT0250,113.959865,33.573660,6
ԥLT0251,113.963051,33.573536,6
ԥLT0252,113.994815,33.598854,-1
ԥLT0253,114.017931,33.548145,-1
ԥLT0254,113.993701,33.546349,-1
ԥLT0255,113.991721,33.549873,-1
ԥLT0256,114.031294,33.585551,5
ԥLT0257,113.997266,33.601627,8
ԥLT0258,114.014684,33.573232,0
ԥLT0259,114.027608,33.566147,-1
ԥLT0260,114.030183,33.586180,5
ԥLT0261,114.014867,33.592600,1
ԥLT0262,114.010280,33.555042,10
ԥLT0263,114.008353,33.588418,1
ԥLT0264,113.989787,33.595297,-1
ԥLT0265,114.093704,33.589560,-1
ԥLT0266,113.997482,33.531121,-1
ԥLT0267,114.087086,33.584579,-1
ԥLT0268,114.000541,33.588844,1
ԥLT0269,113.995995,33.559539,11
ԥLT0270,114.024640,33.551528,-1
ԥLT0271,114.018246,33.581023,-1
ԥLT0272,114.028656,33.571121,0
ԥLT0273,113.994000,33.553166,-1
ԥLT0274,114.015973,33.569777,0
ԥLT0275,114.000777,33.072956,-1
ԥLT0276,114.013853,33.595376,7
ԥLT0277,113.995152,33.554932,-1
ԥLT0278,114.063545,33.561574,15
ԥLT0280,114.055155,33.584767,4
ԥLT0281,114.024896,33.550037,-1
ԥLT0283,114.008907,33.592660,1
ԥLT0284,114.019390,33.558154,0
ԥLT0286,113.980066,33.595358,-1
ԥLT0287,114.003393,33.593665,1
ԥLT0288,114.059676,33.562825,-1
ԥLT0289,114.002034,33.586210,1
ԥLT0290,114.020690,33.574430,0
ԥLT0291,114.017976,33.569921,0
ԥLT0292,114.112143,33.572429,-1
ԥLT0293,114.011175,33.559444,10
ԥLT0294,114.083337,33.572762,-1
ԥLT0295,114.001048,33.587169,1
ԥLT0296,114.012855,33.569351,0
ԥLT0297,114.012534,33.585842,1
ԥLT0298,114.035448,33.576311,0
ԥLT0299,114.012891,33.572681,0
ԥLT0300,113.989032,33.585848,-1
ԥLT0301,114.032227,33.590301,5
ԥLT0302,114.032505,33.576767,0
ԥLT0303,114.042326,33.558052,-1
ԥLT0305,114.023643,33.575415,0
ԥLT0306,114.021318,33.586478,-1
ԥLT0307,114.047331,33.550103,-1
ԥLT0308,114.019781,33.544637,9
ԥLT0309,113.959900,33.574104,6
ԥLT0310,113.959924,33.574443,6
ԥLT0311,114.014475,33.589368,1
ԥLT0312,114.009956,33.570297,0
ԥLT0313,114.041656,33.572431,0
ԥLT0314,114.063967,33.573338,-1
ԥLT0315,114.125750,33.593628,-1
ԥLT0316,114.037530,33.569890,0
ԥLT0318,114.002376,33.556415,-1
ԥLT0320,113.996101,33.586427,-1
ԥLT0321,114.114855,33.583889,-1
ԥLT0322,114.293603,33.776229,-1
ԥLT0323,114.032096,33.590132,5
ԥLT0324,114.061428,33.567589,2
ԥLT0325,114.035008,33.571924,0
ԥLT0326,114.052768,33.578308,-1
ԥLT0327,114.020818,33.570391,0
ԥLT0328,114.044852,33.571790,-1
ԥLT0330,114.012041,33.597588,7
ԥLT0331,114.039761,33.564627,14
ԥLT0332,113.994157,33.574598,-1
ԥLT0333,114.002597,33.553305,-1
ԥLT0334,114.052892,33.584876,4
ԥLT0335,113.993196,33.610280,-1
ԥLT0336,113.959904,33.574225,6
ԥLT0337,114.013340,33.553899,10
ԥLT0339,114.025829,33.611875,-1
ԥLT0340,114.023546,33.568387,0
ԥLT0341,114.021260,33.552723,0
ԥLT0342,114.013480,33.568657,0
ԥLT0343,113.975800,33.630239,-1
ԥLT0344,114.042453,33.559539,14
ԥLT0345,114.030644,33.548575,-1
ԥLT0346,114.002523,33.556848,-1
ԥLT0347,114.004581,33.577146,-1
ԥLT0348,114.029332,33.571037,0
ԥLT0349,114.029001,33.571740,0
ԥLT0350,114.034478,33.572858,0
ԥLT0352,113.959951,33.574377,6
ԥLT0353,114.040747,33.578372,13
ԥLT0354,114.013097,33.574846,-1
ԥLT0355,113.998650,33.590687,1
ԥLT0356,114.007574,33.561272,-1
ԥLT0357,114.008487,33.588431,1
ԥLT0358,114.059044,33.569153,2
ԥLT0359,113.995032,33.605375,-1
ԥLT0360,114.055238,33.583738,4
ԥLT0361,113.978363,33.573182,-1
ԥLT0364,114.009145,33.553018,10
ԥLT0365,114.020546,33.570261,0
ԥLT0367,113.985950,33.559352,-1
ԥLT0369,113.996103,33.154727,-1
ԥLT0370,113.999731,33.591906,1
ԥLT0371,113.986029,33.606770,-1
ԥLT0372,114.044442,33.581484,-1
ԥLT0373,114.040500,33.557845,-1
ԥLT0374,114.048150,33.561210,-1
ԥLT0375,114.078133,33.584355,-1
ԥLT0376,114.025630,33.591026,5
ԥLT0379,114.030147,33.541414,-1
ԥLT0380,113.621461,33.191626,-1
ԥLT0381,113.997810,33.561480,11
ԥLT0382,114.020561,33.573250,0
ԥLT0383,114.042501,33.552646,-1
ԥLT0384,113.999437,33.602321,8
ԥLT0385,114.004356,33.578000,-1
ԥLT0386,114.080113,33.566531,-1
ԥLT0387,114.028080,33.564404,-1
ԥLT0388,114.010267,33.557185,10
ԥLT0389,113.998441,33.611078,-1
ԥLT0390,114.034508,33.573091,0
ԥLT0391,114.006850,33.560173,-1
ԥLT0392,114.020041,33.567151,0
ԥLT0393,113.996754,33.609657,-1
ԥLT0394,114.056786,33.580050,-1
ԥLT0395,114.040810,33.561334,14
ԥLT0396,114.012487,33.560657,-1
ԥLT0397,114.023081,33.589314,-1
ԥLT0398,114.024191,33.566344,0
ԥLT0399,114.021651,33.565659,0
ԥLT0401,114.014742,33.570834,0
ԥLT0402,114.042431,33.560335,14
ԥLT0403,114.003392,33.606884,-1
ԥLT0404,113.980524,33.570929,-1
ԥLT0405,114.077094,33.558089,-1
ԥLT0406,113.903726,33.583767,-1
ԥLT0407,114.008335,33.553686,10
ԥLT0408,114.030217,33.571205,0
ԥLT0409,114.015129,33.552567,-1
ԥLT0411,114.073513,33.560546,-1
ԥLT0412,114.004661,33.596815,-1
ԥLT0413,114.036587,33.570360,0
ԥLT0414,114.008258,33.562996,-1
ԥLT0415,114.031442,33.572275,0
ԥLT0416,114.018996,33.558944,0
ԥLT0417,114.008151,33.576816,-1
ԥLT0418,113.961007,33.574886,6
ԥLT0419,114.025505,33.589556,5
ԥLT0420,114.116690,33.603592,-1
ԥLT0422,114.028939,33.573024,0
ԥLT0423,114.029883,33.590910,5
ԥLT0424,114.008180,33.587865,1
ԥLT0425,114.088303,33.611730,-1
ԥLT0426,113.959120,33.578034,6
ԥLT0427,114.020790,33.551100,-1
ԥLT0428,114.020853,33.569942,0
ԥLT0429,113.991673,33.569621,-1
ԥLT0430,113.968014,33.570859,-1
ԥLT0431,114.013915,33.579712,-1
ԥLT0433,114.094791,33.585300,-1
ԥLT0434,114.024699,33.553357,-1
ԥLT0435,114.019041,33.562028,0
ԥLT0436,114.082368,33.573793,-1
ԥLT0437,114.049130,33.566268,-1
ԥLT0438,113.981718,33.596344,-1
ԥLT0439,114.004249,33.586216,1
ԥLT0440,114.064392,33.577534,-1
ԥLT0441,114.059844,33.590678,-1
ԥLT0442,114.010008,33.554884,10
ԥLT0443,114.112735,33.580455,-1
ԥLT0444,114.017491,33.571100,0
ԥLT0445,113.990863,33.585880,-1
ԥLT0446,114.063289,33.568223,2
ԥLT0447,114.001258,33.554067,-1
ԥLT0448,114.054486,33.575896,-1
ԥLT0449,114.101787,33.578416,-1
ԥLT0450,114.007532,33.596712,1
ԥLT0452,113.996122,33.588518,-1
ԥLT0453,114.027986,33.591580,5
ԥLT0454,114.031816,33.574916,0
ԥLT0455,113.988028,33.557355,-1
ԥLT0456,114.035751,33.605113,-1
ԥLT0457,114.051355,33.585285,4
ԥLT0458,114.035993,33.573088,0
ԥLT0459,114.006087,33.589623,1
ԥLT0460,114.007834,33.589911,1
ԥLT0461,113.995516,33.574709,-1
ԥLT0462,114.010749,33.599763,7
ԥLT0463,114.043067,33.576073,13
ԥLT0464,114.039173,33.593710,-1
ԥLT0465,114.064002,33.561339,15
ԥLT0466,114.020654,33.573993,0
ԥLT0467,114.019613,33.546306,-1
ԥLT0468,114.011701,33.600610,7
ԥLT0469,113.987074,33.566048,-1
ԥLT0470,114.024240,33.569828,0
ԥLT0472,114.033359,33.586854,5
ԥLT0473,114.030158,33.541417,-1
ԥLT0474,113.990068,33.558927,-1
ԥLT0475,114.064161,33.568615,2
ԥLT0476,114.016846,33.557278,0
ԥLT0477,113.992981,33.576915,-1
ԥLT0478,114.000723,33.589664,1
ԥLT0479,114.018347,33.553682,0
ԥLT0480,114.042362,33.581549,-1
ԥLT0481,113.968379,33.571802,-1
ԥLT0482,114.002647,33.561902,-1
ԥLT0483,114.028449,33.570026,0
ԥLT0484,114.016797,33.545673,-1
ԥLT0485,114.024436,33.546599,-1
ԥLT0486,114.002333,33.604740,-1
ԥLT0487,113.992222,33.558681,-1
ԥLT0488,113.961981,33.575594,6
ԥLT0489,114.007790,33.611091,-1
ԥLT0490,114.036290,33.586771,5
ԥLT0491,114.062519,33.569344,2
ԥLT0492,114.023423,33.592934,-1
ԥLT0493,113.985368,33.574834,-1
ԥLT0494,114.012668,33.599166,7
ԥLT0496,114.036682,33.572975,0
ԥLT0497,114.067708,33.563176,15
ԥLT0498,114.021176,33.558083,0
ԥLT0499,114.061198,33.526430,-1
ԥLT0500,114.017815,33.556250,0
ԥLT0501,114.075804,33.586301,-1
ԥLT0502,114.073076,33.568703,-1
ԥLT0503,114.029715,33.571223,0
ԥLT0504,113.973750,33.588493,-1
ԥLT0505,114.022897,33.577152,-1
ԥLT0506,115.116690,33.360314,-1
ԥLT0507,114.047512,33.566992,-1
ԥLT0508,114.033533,33.581134,0
ԥLT0509,114.031954,33.576346,0
ԥLT0511,113.996560,33.558911,11
ԥLT0512,114.013490,33.586232,1
ԥLT0513,114.076338,33.560730,-1
ԥLT0514,114.010440,33.604816,-1
ԥLT0515,113.959919,33.574644,6
ԥLT0516,114.055338,33.564403,-1
ԥLT0517,114.073233,33.591559,-1
ԥLT0518,114.032765,33.573856,0
ԥLT0519,113.971691,33.544361,-1
ԥLT0520,114.002115,33.582531,1
ԥLT0522,114.089527,33.498156,-1
ԥLT0523,114.062281,33.569432,2
ԥLT0525,113.992948,33.585961,-1
ԥLT0526,114.027706,33.571033,0
ԥLT0527,113.983720,33.603035,-1
ԥLT0528,114.002553,33.600988,8
ԥLT0529,114.032814,33.579395,0
ԥLT0530,114.002568,33.589062,1
ԥLT0532,113.994580,33.548289,-1
ԥLT0533,114.032094,33.569462,0
ԥLT0534,114.036588,33.570273,0
ԥLT0535,114.023233,33.566055,0
ԥLT0536,114.034371,33.573241,0
ԥLT0537,114.011761,33.587496,1
ԥLT0538,113.971717,33.572072,-1
ԥLT0539,114.019780,33.601577,-1
ԥLT0540,114.078364,33.590830,-1
ԥLT0541,113.959976,33.575262,6
ԥLT0542,114.082385,33.587819,-1
ԥLT0543,114.013764,33.569918,0
ԥLT0544,114.039074,33.561270,14
ԥLT0546,114.019888,33.559421,0
ԥLT0547,114.022224,33.544299,9
ԥLT0548,114.065866,33.566905,2
ԥLT0549,114.030642,33.577326,0
ԥLT0550,113.918850,33.606514,-1
ԥLT0551,113.949123,33.580165,-1
ԥLT0552,114.054769,33.594036,-1
ԥLT0553,114.033023,33.579395,0
ԥLT0554,114.007639,33.556940,10
ԥLT0555,114.027335,33.572226,0
ԥLT0556,114.044767,33.566458,-1
ԥLT0557,114.021266,33.570061,0
ԥLT0558,114.054833,33.558426,-1
ԥLT0560,114.032855,33.577475,0
ԥLT0561,114.008478,33.554252,10
ԥLT0562,113.918244,33.606983,-1
ԥLT0563,114.016882,33.560764,0
ԥLT0564,114.025001,33.585682,-1
ԥLT0565,114.053980,33.584937,4
ԥLT0566,114.039144,33.585347,-1
ԥLT0567,114.003906,33.585754,1
ԥLT0568,113.999741,33.598354,8
ԥLT0569,114.067624,33.631559,-1
ԥLT0570,114.025570,33.543371,9
ԥLT0571,114.025604,33.565801,0
ԥLT0572,114.032787,33.577881,0
ԥLT0573,114.057625,33.571707,2
ԥLT0574,114.037360,33.572188,0
ԥLT0575,114.032913,33.569481,0
ԥLT0576,114.017967,33.596545,7
ԥLT0577,114.018265,33.596695,7
ԥLT0578,114.027781,33.571022,0
ԥLT0579,114.020751,33.564290,0
ԥLT0580,114.023447,33.568320,0
ԥLT0581,114.045944,33.582300,-1
ԥLT0582,113.998977,33.577499,-1
ԥLT0583,113.994033,33.575933,-1
ԥLT0584,114.030020,33.571235,0
ԥLT0585,113.991878,33.585560,-1
ԥLT0586,114.001826,33.573281,-1
ԥLT0587,114.011797,33.600711,7
ԥLT0588,114.126040,33.521154,-1
ԥLT0590,114.035026,33.573059,0
ԥLT0591,113.968368,33.575821,-1
ԥLT0592,114.011997,33.585826,1
ԥLT0593,114.044816,33.584899,-1
ԥLT0594,113.990343,33.562391,-1
ԥLT0595,114.097579,33.585639,-1
ԥLT0596,113.995280,33.549828,-1
ԥLT0597,114.024963,33.596951,-1
ԥLT0598,113.983564,33.598667,-1
ԥLT0599,114.055980,33.585327,4
ԥLT0600,114.028579,33.585337,5
ԥLT0601,114.067654,33.563972,15
ԥLT0602,114.009683,33.605529,-1
ԥLT0603,113.998235,33.561575,11
ԥLT0604,114.021883,33.559835,0
ԥLT0605,114.014456,33.553247,-1
ԥLT0606,114.029456,33.579460,0
ԥLT0607,114.058824,33.565957,2
ԥLT0608,114.012024,33.592794,1
ԥLT0609,113.973436,33.553298,-1
ԥLT0610,114.019300,33.591182,3
ԥLT0611,113.970101,33.585379,-1
ԥLT0612,114.044247,33.584329,-1
ԥLT0613,114.019826,33.593574,-1
ԥLT0614,114.003062,33.562355,-1
ԥLT0615,114.004850,33.586497,1
ԥLT0616,114.009295,33.587660,1
ԥLT0617,114.003214,33.584370,1
ԥLT0618,114.032217,33.576716,0
ԥLT0619,114.019520,33.556863,0
ԥLT0620,114.029737,33.571188,0
ԥLT0621,114.076569,33.566134,-1
ԥLT0622,114.030100,33.570458,0
ԥLT0623,113.981010,33.592310,-1
ԥLT0624,114.049846,33.569853,12
ԥLT0625,114.083880,33.580394,-1
ԥLT0626,114.009600,33.590093,1
ԥLT0627,114.048560,33.566394,-1
ԥLT0628,114.035886,33.612289,-1
ԥLT0629,114.009469,33.587480,1
ԥLT0630,114.005465,33.587999,1
ԥLT0631,114.096695,33.594060,-1
ԥLT0632,114.030233,33.579902,0
ԥLT0634,114.006056,33.596198,1
ԥLT0635,114.039875,33.592524,-1
ԥLT0636,113.999179,33.600856,8
ԥLT0637,114.016703,33.588882,3
ԥLT0638,114.010647,33.598038,7
ԥLT0639,113.998890,33.569330,-1
ԥLT0640,114.020461,33.573235,0
ԥLT0641,113.959986,33.575837,6
ԥLT0642,114.101866,33.578534,-1
ԥLT0643,114.021281,33.578347,-1
ԥLT0644,114.011979,33.586391,1
ԥLT0645,114.024019,33.543380,9
ԥLT0646,114.009637,33.576533,-1
ԥLT0648,114.040887,33.573356,0
ԥLT0649,114.046406,33.582619,-1
ԥLT0650,114.001969,33.592875,1
ԥLT0651,114.119203,33.571913,-1
ԥLT0652,114.012224,33.588419,1
ԥLT0653,114.055022,33.564428,-1
ԥLT0654,114.021986,33.566545,0
ԥLT0655,114.009057,33.586564,1
ԥLT0657,114.007207,33.594363,1
ԥLT0658,114.063890,33.560862,15
ԥLT0659,113.993579,33.550452,-1
ԥLT0660,113.988631,33.595784,-1
ԥLT0662,114.063809,33.575890,-1
ԥLT0663,113.967226,33.569393,-1
ԥLT0664,114.014340,33.594121,7
ԥLT0665,114.060103,33.584710,-1
ԥLT0666,113.959795,33.573496,6
ԥLT0667,113.996327,33.576006,-1
ԥLT0668,114.054692,33.569239,2
ԥLT0669,114.029021,33.572003,0
ԥLT0670,113.964160,33.547348,-1
ԥLT0671,114.047571,33.571788,12
ԥLT0672,114.014440,33.604794,-1
ԥLT0673,114.017757,33.588804,3
ԥLT0674,114.000160,33.583171,-1
ԥLT0675,114.069449,33.567834,-1
ԥLT0676,114.065325,33.570243,2
ԥLT0678,114.026187,33.591522,5
ԥLT0679,114.042707,33.573124,-1
ԥLT0680,114.068291,33.566433,-1
ԥLT0681,114.002690,33.600640,8
ԥLT0683,114.034018,33.559270,-1
ԥLT0684,114.035905,33.575138,0
ԥLT0686,113.996494,33.562156,11
ԥLT0687,113.985363,33.559914,-1
ԥLT0688,114.036343,33.572752,0
ԥLT0689,114.069544,33.569415,-1
ԥLT0690,114.033747,33.559905,-1
ԥLT0691,114.009650,33.565391,-1
ԥLT0693,114.046126,33.560683,-1
ԥLT0694,114.055127,33.569711,2
ԥLT0696,114.025592,33.543390,9
ԥLT0697,113.959925,33.574867,6
ԥLT0698,113.986110,33.592915,-1
ԥLT0699,114.063939,33.561050,15
ԥLT0700,114.003120,33.608057,-1
ԥLT0701,114.024641,33.570605,0
ԥLT0702,114.036282,33.573106,0
ԥLT0703,114.023499,33.580776,-1
ԥLT0704,114.028852,33.587480,5
ԥLT0705,114.032279,33.569892,0
ԥLT0706,114.019984,33.550541,-1
ԥLT0707,114.053197,33.557932,-1
ԥLT0708,114.002688,33.590227,1
ԥLT0709,114.012156,33.569638,0
ԥLT0710,113.959795,33.575452,6
ԥLT0711,114.012223,33.568463,0
ԥLT0712,114.066481,33.560744,15
ԥLT0714,113.987576,33.599297,-1
ԥLT0715,113.995290,33.588470,-1
ԥLT0716,113.989332,33.553254,-1
ԥLT0717,114.033072,33.578936,0
ԥLT0718,114.001713,33.587763,1
ԥLT0719,113.989825,33.585244,-1
ԥLT0720,114.086566,33.591434,-1
ԥLT0721,114.032466,33.571884,0
ԥLT0722,113.997193,33.600175,8
ԥLT0723,114.019926,33.571078,0
ԥLT0724,114.000128,33.565115,-1
ԥLT0725,114.013200,33.645935,-1
ԥLT0726,114.013710,33.581257,-1
ԥLT0727,113.959905,33.574733,6
ԥLT0728,114.049977,33.570675,12
ԥLT0729,114.007346,33.573273,-1
ԥLT0730,114.030063,33.541503,-1
ԥLT0732,114.042054,33.577307,13
ԥLT0733,114.022675,33.595787,-1
ԥLT0734,114.044514,33.583955,-1
ԥLT0735,113.983866,33.594106,-1
ԥLT0736,114.057264,33.570002,2
ԥLT0737,114.018605,33.586038,3
ԥLT0738,113.996168,33.557215,11
ԥLT0739,114.051520,33.576840,-1
ԥLT0740,114.045775,33.583280,-1
ԥLT0741,114.029899,33.571117,0
ԥLT0742,114.086121,33.621052,-1
ԥLT0743,114.012549,33.558721,10
ԥLT0744,114.028232,33.575517,0
ԥLT0745,114.042586,33.568117,-1
ԥLT0746,114.012891,33.558636,10
ԥLT0747,113.996010,33.608378,-1
ԥLT0749,114.007126,33.586308,1
ԥLT0750,114.011121,33.554989,10
ԥLT0752,113.993933,33.572116,-1
ԥLT0753,114.030234,33.571200,0
ԥLT0754,114.018400,33.560028,0
ԥLT0755,114.036207,33.570840,0
ԥLT0756,114.014229,33.600049,7
ԥLT0757,114.277870,33.511662,-1
ԥLT0758,114.043829,33.591085,-1
ԥLT0759,113.346233,33.633546,-1
ԥLT0760,114.045605,33.589924,-1
ԥLT0761,114.107137,33.571952,-1
ԥLT0762,114.003644,33.587003,1
ԥLT0763,114.034026,33.576171,0
ԥLT0764,114.031695,33.573864,0
ԥLT0765,114.017776,33.589322,3
ԥLT0767,113.960068,33.575402,6
ԥLT0768,114.059683,33.569347,2
ԥLT0769,114.091185,33.586172,-1
ԥLT0770,114.042575,33.566761,-1
ԥLT0771,114.019370,33.607598,-1
ԥLT0772,113.966772,33.575924,-1
ԥLT0773,114.089870,33.589391,-1
ԥLT0774,114.027970,33.575225,0
ԥLT0775,114.012661,33.619238,-1
ԥLT0776,114.055808,33.585989,4
ԥLT0777,114.018970,33.563825,0
ԥLT0778,114.007105,33.585787,1
ԥLT0779,114.002020,33.582227,1
ԥLT0780,113.958565,33.576035,6
ԥLT0781,114.054538,33.566272,-1
ԥLT0782,113.980450,33.592165,-1
ԥLT0783,114.029734,33.576279,0
ԥLT0784,114.016848,33.598230,7
ԥLT0785,114.026906,33.596711,-1
ԥLT0786,113.985316,33.596051,-1
ԥLT0787,113.773922,33.662728,-1
ԥLT0788,114.009220,33.588448,1
ԥLT0789,114.007545,33.588440,1
ԥLT0790,114.001589,33.560383,-1
ԥLT0791,113.951648,33.787568,-1
ԥLT0792,114.033249,33.595641,-1
ԥLT0793,114.047749,33.574918,-1
ԥLT0794,114.003502,33.588032,1
ԥLT0795,114.004471,33.563518,-1
ԥLT0796,114.020240,33.573719,0
ԥLT0798,114.296806,33.643449,-1
ԥLT0799,113.995522,33.595116,-1
ԥLT0800,114.074056,33.548530,-1
ԥLT0801,114.035717,33.576050,0
ԥLT0802,114.035320,33.584168,-1
ԥLT0804,114.059050,33.533912,-1
ԥLT0805,113.884009,33.434920,-1
ԥLT0806,114.019644,33.567427,0
ԥLT0807,114.279291,33.705928,-1
ԥLT0808,114.018800,33.573808,0
ԥLT0809,113.985146,33.593445,-1
ԥLT0810,114.031336,33.581449,0
ԥLT0811,114.072586,33.566641,-1
ԥLT0812,114.015238,33.595472,7
ԥLT0813,114.031840,33.586791,5
ԥLT0814,114.040097,33.578125,13
ԥLT0815,114.031546,33.594735,-1
ԥLT0816,114.036902,33.573295,0
ԥLT0817,114.025540,33.543240,9
ԥLT0818,114.020622,33.545551,9
ԥLT0819,114.292500,33.701178,-1
ԥLT0820,113.988057,33.575373,-1
ԥLT0821,114.457272,33.602163,-1
ԥLT0822,114.018183,33.586732,3
ԥLT0823,114.085003,33.652557,-1
ԥLT0824,114.052840,33.581178,-1
ԥLT0825,114.063591,33.529052,-1
ԥLT0826,114.092389,33.584396,-1
ԥLT0827,114.020781,33.564299,0
ԥLT0828,114.029410,33.590733,5
ԥLT0829,114.009729,33.597825,7
ԥLT0831,113.986455,33.606056,-1
ԥLT0832,114.031815,33.586950,5
ԥLT0833,114.008281,33.579166,-1
ԥLT0834,113.987253,33.555829,-1
ԥLT0835,114.034341,33.576442,0
ԥLT0836,114.035914,33.570705,0
ԥLT0837,114.047394,33.568514,12
ԥLT0838,114.011139,33.589278,1
ԥLT0839,114.018094,33.596948,7
ԥLT0842,114.050586,33.601452,-1
ԥLT0843,114.037028,33.579762,-1
ԥLT0844,114.035472,33.570422,0
ԥLT0845,114.017494,33.556281,0
ԥLT0846,113.998278,33.572204,-1
ԥLT0847,114.019870,33.570434,0
ԥLT0848,113.979550,33.498274,-1
ԥLT0849,114.062400,33.569524,2
ԥLT0850,113.982926,33.572870,-1
ԥLT0851,114.021687,33.587963,3
ԥLT0852,114.053462,33.596629,-1
ԥLT0853,114.007447,33.575510,-1
ԥLT0854,114.051533,33.569442,12
ԥLT0855,113.992606,33.553281,-1
ԥLT0856,114.026541,33.593612,5
ԥLT0857,114.010514,33.570913,0
ԥLT0858,113.995282,33.562839,11
ԥLT0859,114.012395,33.560140,-1
ԥLT0860,114.024472,33.568938,0
ԥLT0861,114.041829,33.566993,-1
ԥLT0862,114.004550,33.593629,1
ԥLT0863,113.997331,33.567056,-1
ԥLT0864,113.994925,33.559807,11
ԥLT0865,113.988960,33.604609,-1
ԥLT0866,114.004236,33.588814,1
ԥLT0867,114.042213,33.553242,-1
ԥLT0868,114.091355,33.586450,-1
ԥLT0869,114.055411,33.583737,4
ԥLT0870,114.092468,33.529177,-1
ԥLT0871,114.064282,33.568964,2
ԥLT0872,114.026618,33.562723,-1
ԥLT0873,114.017476,33.561836,0
ԥLT0874,113.993152,33.603069,-1
ԥLT0876,114.015979,33.583747,-1
ԥLT0877,114.048361,33.570231,12
ԥLT0878,114.030649,33.572862,0
ԥLT0879,114.036716,33.596959,-1
ԥLT0880,114.003092,33.592359,1
ԥLT0881,114.009122,33.587878,1
ԥLT0882,114.062675,33.569402,2
ԥLT0883,114.005884,33.605472,-1
ԥLT0884,113.621376,33.191638,-1
ԥLT0885,113.989224,33.575948,-1
ԥLT0886,114.042342,33.570109,-1
ԥLT0887,114.025990,33.593897,-1
ԥLT0888,113.998873,33.571924,-1
ԥLT0889,114.110322,33.588334,-1
ԥLT0890,114.008573,33.384246,-1
ԥLT0891,114.033013,33.574992,0
ԥLT0892,113.994264,33.561561,11
ԥLT0893,114.055600,33.558658,-1
ԥLT0894,113.959820,33.573893,6
ԥLT0895,114.054001,33.503997,-1
ԥLT0896,113.997296,33.588769,1
ԥLT0897,114.024939,33.571537,0
ԥLT0898,114.051420,33.576875,-1
ԥLT0899,114.018839,33.589291,3
ԥLT0900,114.005719,33.587770,1
ԥLT0902,114.026634,33.591446,5
ԥLT0903,113.965392,33.580162,-1
ԥLT0904,114.014789,33.586432,1
ԥLT0905,114.031830,33.586678,5
ԥLT0906,114.090810,33.584422,-1
ԥLT0907,113.959892,33.574171,6
ԥLT0908,114.020485,33.595114,-1
ԥLT0910,114.001549,33.553359,-1
ԥLT0912,113.982216,33.600647,-1
ԥLT0913,114.027265,33.569526,0
ԥLT0914,114.058276,33.580342,-1
ԥLT0915,114.036733,33.572885,0
ԥLT0916,114.012785,33.557596,10
ԥLT0917,113.996386,33.553971,-1
ԥLT0918,113.999605,33.607641,-1
ԥLT0919,114.032606,33.575053,0
ԥLT0921,114.043764,33.596669,-1
ԥLT0922,113.997969,33.587997,1
ԥLT0923,113.986694,33.607094,-1
ԥLT0924,114.030869,33.554581,-1
ԥLT0925,114.003997,33.586410,1
ԥLT0926,113.999782,33.600076,8
ԥLT0927,114.007460,33.591629,1
ԥLT0928,114.025591,33.542696,9
ԥLT0929,114.022718,33.568759,0
ԥLT0930,114.037332,33.574220,0
ԥLT0931,114.012650,33.590636,1
ԥLT0932,114.037158,33.578260,0
ԥLT0933,114.031686,33.558109,-1
ԥLT0934,114.042320,33.561503,14
ԥLT0935,114.003662,33.554743,-1
ԥLT0936,114.036324,33.572420,0
ԥLT0937,113.985750,33.587539,-1
ԥLT0938,114.011496,33.600967,7
ԥLT0939,114.014737,33.566140,0
ԥLT0940,113.992580,33.608433,-1
ԥLT0941,114.148140,33.513357,-1
ԥLT0942,114.010150,33.546093,-1
ԥLT0943,114.018571,33.555965,0
ԥLT0944,114.036719,33.572773,0
ԥLT0945,113.959848,33.573672,6
ԥLT0946,114.036510,33.577011,0
ԥLT0947,113.991730,33.611089,-1
ԥLT0948,114.074445,33.567906,-1
ԥLT0949,114.026548,33.571131,0
ԥLT0951,114.029199,33.582758,-1
ԥLT0952,114.063998,33.561047,15
ԥLT0953,114.032595,33.574687,0
ԥLT0954,114.029113,33.571138,0
ԥLT0955,113.997233,33.592546,-1
ԥLT0956,113.996267,33.561209,11
ԥLT0957,113.992412,33.545232,-1
ԥLT0958,114.055065,33.576793,-1
ԥLT0959,114.060468,33.584759,-1
ԥLT0960,114.041087,33.579823,13
ԥLT0961,113.984804,33.567885,-1
ԥLT0963,114.057263,33.569682,2
ԥLT0964,114.014439,33.569740,0
ԥLT0965,113.992488,33.555888,-1
ԥLT0966,114.055047,33.584683,4
ԥLT0967,114.012030,33.586259,1
ԥLT0968,114.026488,33.570348,0
ԥLT0969,114.048798,33.582716,-1
ԥLT0970,114.061415,33.563526,-1
ԥLT0971,114.065311,33.585068,-1
ԥLT0972,114.079810,33.589420,-1
ԥLT0973,114.250844,33.596698,-1
ԥLT0974,114.013350,33.587928,1
ԥLT0975,114.088100,33.610964,-1
ԥLT0976,114.074395,33.559959,-1
ԥLT0979,114.036674,33.572774,0
ԥLT0980,113.995462,33.558359,11
ԥLT0981,114.100648,33.656240,-1
ԥLT0983,114.149104,33.583336,-1
ԥLT0984,113.969822,33.590342,-1
ԥLT0985,113.984611,33.594372,-1
ԥLT0986,114.020760,33.574641,0
ԥLT0988,113.962889,33.577193,6
ԥLT0989,114.002697,33.586112,1
ԥLT0990,114.085490,33.590280,-1
ԥLT0991,114.040887,33.562444,14
ԥLT0992,114.036024,33.586983,5
ԥLT0993,114.032406,33.567440,0
ԥLT0994,114.032203,33.564467,-1
ԥLT0995,113.983360,33.603492,-1
ԥLT0996,113.971121,33.571873,-1
ԥLT0997,114.004850,33.596817,-1
ԥLT0998,113.509725,34.129654,-1
ԥLT0999,114.019669,33.584424,-1
ԥLT1000,114.032698,33.574283,0
ԥLT1001,114.056059,33.585120,4
ԥLT1002,114.055023,33.573327,-1
ԥLT1003,113.995944,33.583551,-1
ԥLT1004,114.061968,33.566514,2
ԥLT1005,114.018099,33.569534,0
ԥLT1006,114.026478,33.568753,0
ԥLT1007,113.993260,33.593988,-1
ԥLT1008,114.007669,33.563026,-1
ԥLT1009,114.022394,33.585385,-1
ԥLT1010,114.033667,33.575818,0
ԥLT1011,114.029681,33.562018,-1
ԥLT1013,114.043396,33.578254,13
ԥLT1014,114.031690,33.588405,5
ԥLT1016,114.067261,33.566166,2
ԥLT1017,114.059555,33.568773,2
ԥLT1018,114.017891,33.549547,-1
ԥLT1019,114.031145,33.575485,0
ԥLT1020,114.047190,33.567146,-1
ԥLT1021,114.038793,33.567692,0
ԥLT1022,114.018105,33.554810,0
ԥLT1023,114.019970,33.608835,-1
ԥLT1024,113.960370,33.574715,6
ԥLT1025,114.028895,33.570975,0
ԥLT1026,114.073340,33.589556,-1
ԥLT1027,114.020608,33.546660,-1
ԥLT1028,113.969760,33.389435,-1
ԥLT1029,114.020266,33.553499,0
ԥLT1030,114.042784,33.575240,13
ԥLT1031,114.012485,33.593271,1
ԥLT1032,114.002555,33.587356,1
ԥLT1033,114.022548,33.596660,-1
ԥLT1034,114.028730,33.577514,0
ԥLT1035,113.990328,33.586172,-1
ԥLT1036,114.013114,33.592686,1
ԥLT1037,114.114324,33.663102,-1
ԥLT1038,114.032995,33.574236,0
ԥLT1039,114.005658,33.590679,1
ԥLT1040,114.068017,33.632759,-1
ԥLT1042,113.959840,33.574085,6
ԥLT1043,114.089950,33.589409,-1
ԥLT1044,114.052760,33.569963,12
ԥLT1045,114.007299,33.593609,1
ԥLT1047,114.054471,33.575805,-1
ԥLT1048,114.017128,33.597671,7
ԥLT1049,113.998163,33.569962,-1
ԥLT1050,114.029848,33.571219,0
ԥLT1051,114.022329,33.566465,0
ԥLT1052,113.959918,33.574533,6
ԥLT1054,113.984784,33.630131,-1
ԥLT1055,114.010223,33.573370,-1
ԥLT1056,114.085700,33.652852,-1
ԥLT1057,114.018430,33.558006,0
ԥLT1058,113.996922,33.560469,11
ԥLT1059,113.939927,33.603989,-1
ԥLT1060,114.111896,33.918244,-1
ԥLT1061,114.038668,33.565733,-1
ԥLT1062,113.959866,33.573986,6
ԥLT1063,114.032473,33.574435,0
ԥLT1064,113.986647,33.588725,-1
ԥLT1065,114.000880,33.592956,1
ԥLT1066,114.030515,33.590877,5
ԥLT1067,113.966098,33.562331,-1
ԥLT1068,114.003850,33.583456,1
ԥLT1069,113.966738,33.605228,-1
ԥLT1070,114.066797,33.561894,15
ԥLT1071,114.076874,33.555516,-1
ԥLT1072,114.035994,33.573409,0
ԥLT1073,114.032100,33.571837,0
ԥLT1074,113.999304,33.603635,-1
ԥLT1075,114.046440,33.589310,-1
ԥLT1076,114.017194,33.541234,-1
ԥLT1077,114.027249,33.594257,-1
ԥLT1078,114.033943,33.571052,0
ԥLT1079,114.053523,33.576353,-1
ԥLT1080,113.986853,33.589502,-1
ԥLT1081,113.959963,33.575167,6
ԥLT1082,114.050847,33.595096,-1
ԥLT1083,114.031420,33.570999,0
ԥLT1084,114.009868,33.552388,10
ԥLT1085,114.064153,33.561125,15
ԥLT1086,114.608653,33.600648,-1
ԥLT1087,113.983739,33.602952,-1
ԥLT1088,114.009523,33.552602,10
ԥLT1089,114.035019,33.584952,5
ԥLT1090,114.029453,33.571206,0
ԥLT1092,113.998853,33.562810,11
ԥLT1093,113.959969,33.575019,6
ԥLT1094,114.043457,33.542487,-1
ԥLT1095,113.959817,33.573457,6
ԥLT1096,114.019648,33.560805,0
ԥLT1097,113.959743,33.575351,6
ԥLT1098,113.992819,33.597166,-1
ԥLT1099,114.003480,33.587185,1
ԥLT1100,114.008405,33.595481,1
